audio,text
wavs/(1).wav,พาย หลัง ที่ บอ ลิ สัด เหมา ปู ญาง อัด สะ ฟ่าน เญียบ แหน้น เส้น ทาง แต่ ไฟ แดง
wavs/(2).wav,ดง ป่า แหลบ หา บ้าน ดอน แดง เมือง จัน ทะ บู ลี นะ คอน หลวง เวียง จัน
wavs/(3).wav,ได้ สำ เล็ด และ เปิด กาน นำ ใช้ แล้ว หลาย คน ที่ ได้ เทียว ไป เทียว มา
wavs/(4).wav,ก่าว ว่า มี ความ สะ ดวก สะ บาย ขึ้น ก่วา เก่า หลาย เพาะ เป็น หน ทาง ที่ ฮาบ เพียง ดี
wavs/(5).wav,บ่อ มี บวก บ่อ มี ขุม ที่ เสี่ยง ต่อ กาน เกิด อุ ปะ ติ เหตุ เหมือน ดั่ง ผ่าน มา
wavs/(6).wav,เกือบ เว ลา หนึ่ง เดือน ที่ ได้ เปิด นำ ใช้ เส้น ทาง ปู ญาง อัด สะ ฟ่าน
wavs/(7).wav,แต่ ไฟ แดง ดง ปา แหลบ บ้าน ดอน แดง มา นี้ เฮ็ด ให้ กาน สัน จอน ตาม เส้น ทาง นี้
wavs/(8).wav,เบ ตง กับ เส้น ทาง ปู ญาง ที่ เข้า กัน ได้ ดี และ มัน ได้ กาย เป็น ใบ หน้า ใหม่ ให้ เมือง จัน ทะ บู ลี
wavs/(9).wav,ล่ง เลี่ยน ขึ้น อีก บาด ก้าว หนึ่ง เป็น เส้น ทาง เซื่อม จอด ละ หว่าง ทาง
wavs/(10).wav,ส้าง ความ สะ ดวก สะ บาย ให้ แก่ ผู้ ใช้ ลด ใช้ ถนน  ใน เส้น ทาง นี้
wavs/(11).wav,พาย หลัง เปิด กาน นำ ใช้ มา บ่อ ฮอด เดือน สัง เกด เห็น ว่า ตาม ตะ แกง เหล็ก อัด ฝา ท่อ ละ บาย น้ำ
wavs/(12).wav,อยู่ สอง ฝาก ทาง บาง บ่อน บาง ฝา เลี่ม มี กวด น้ำ ดื่ม
wavs/(13).wav,ถง ญาง ปลา สะ ติก ต้น ไม้ ใบ หย้า อัด ตัน หลาย ขึ้น
wavs/(14).wav,โดย บ่อ มี ผู้ ใด ผู้ ฮับ ผิด ซอบ เลย ถ้า หาก มี กาน ป่อย ปะ ละ เลย ไป
wavs/(15).wav,คือ แนว นี้ อาด จะ เฮ็ด ให้ ทาง ดี กาย เป็น ทาง ขี้ ฮ้าย
wavs/(16).wav,เต็ม ไป ด้วย บวก ด้วย ขุม ใน อะ นา คด
wavs/(17).wav,กาน ที่ จะ มอบ หมาย ให้ แต่ พะ แนก เกี่ยว ข้อง ลง กวด กา ติด ตาม
wavs/(18).wav,เป็น ปะ จำ นั้น กอ หาก ได้ แต่ มัน เป็น กาน ยาก หลาย
wavs/(19).wav,เพาะ มี ทาง หลาย เส้น ใน นะ คอน หลวง เวียง จัน อยู่ ใน ความ ฮับ ผิด ซอบ
wavs/(20).wav,ที่ ต้อง ได้ ปับ ปุง ส้อม แปง ยก ละ ดับ ให้ ดี ขึ้น
wavs/(21).wav,ทาง หลวง แม่น ซับ สม บัด ของ ซาด
wavs/(22).wav,ดั่ง นั้น จึ่ง อีง ใส่ ผู้ ที่ อยู่ ใก้ล ซิด เป็น ผู้ ดู แล ซ่วย
wavs/(23).wav,น้ำ ไหล ไฟ สะ หว่าง หน ทาง ดี เป็น คำ เว้า ที่ ซ่าง ค้อง จ่อง กัน
wavs/(24).wav,มัน หมาย เถิง ความ มั่ง คั่ง เข้ม แขง ทาง ด้าน เสด ถะ กิด ของ บ่อน นั้นๆ
wavs/(25).wav,ปก ปัก ฮัก สา ให้ มัน นำ ใช้ ได้ ยาว นาน โดย กาน ปก ปัก ฮัก สา นี้ บ่อ แม่น พาก ส่วน ใด หนึ่ง
wavs/(26).wav,เซิ่ง ทุก คน ไฝ่ ฝัน และ พะ ยาม ซอก หา มา ให้ ได้ แต่ ใน เมื่อ ได้ มา แล้ว ต้อง ได้ เอา ใจ ใส่ บู ละ นะ ปัว แปง
wavs/(27).wav,บ่อ แม่น อง กาน จัด ตั้ง ใด หนึ่ง เป็น ผู้ เฮ็ด มัน หาก แม่น หน้า ที่ ของ หมด ทุก คน
wavs/(28).wav,โดย สะ เพาะ แม่น อา ใส ปะ ซา ซน หลาย สิบ หลาย ฮ้อย คอบ คัว ที่ ตั้ง บ้าน เฮือน อยู่ เลียบ ตาม สอง ฝาก ทาง เส้น นี้
wavs/(29).wav,ต้น ตอ แม่น เฮือน ที่ อยู่ ติด แคม ทาง นั้น ละ ให้ เป็น เจ้า กาน สูง บ่อ เฮ็ด ให้ เส้น ทาง เปอะ เปื้อน
wavs/(30).wav,ยิ่ง ไล ยะ นี้ เป็น ยาม ฝน ยิ่ง บ่อ ควน เฮ็ด ให้ ท่อ น้ำ สอง ฝาก ทาง อัด ตัน ด้วย ขี้ เหยื้อ เซ่น
wavs/(31).wav,กวด น้ำ ปลา สะ ติก เสด ถง ญาง ใบ ไม้ บ่อ ควน มัก ง่าย ถอก เสด อา หาน ลง ใส ตะ แกง
wavs/(32).wav,ฝา อัด ท่อ ละ บาย น้ำ และ อื่นๆ ให้ สม กับ คำ ว่า ลัด กับ ปะ ซา ซน ซ่วย กัน เฮ็ด ซ่วย กัน ส้าง สา พัด ทะ นา ให้ จะ เลีน
wavs/(33).wav,ไล ยะ นี้ เลี่ม ก้าว เข้า สู่ ยาม ฝน แล้ว
wavs/(34).wav,เมื่อ ฝน ตก ลง มา กอ จะ มัก มี น้ำ ค้าง น้ำ ขัง อยู่ ถนน  หน ทาง หลาย จุด ใน ตัว เมือง นะ คอน หลวง เวียง จัน
wavs/(35).wav,น้ำ ละ บาย บ่อ ทัน อาด เป็น ย้อน มี ขี้ เหยื้อ หลือ สิ่ง เสด เหลือ อื่น จาก คัว เฮือน อัด ตัน ฮ่อง ละ บาย น้ำ
wavs/(36).wav,เฮ็ด ให้ กาน สัน จอน ไป มา พบ ความ หยุ้ง ยาก สม ควน
wavs/(37).wav,หลือ บาง บ้าน กอ ถ้วม ขัง หนัก เถิง ขั้น ถ้วม เฮือน ซาน กอ มี
wavs/(38).wav,ส้าง ความ เสีย หาย ต่อ ซับ สิน หลาย อย่าง อย่าง หลวง หลาย
wavs/(39).wav,ละ ดู ฝน จะ เฮ็ด ให้ ต้น ไม้ ใบ หย้า นาๆ พัน จะ เลีน เตีบ โต อย่าง ไว
wavs/(40).wav,โดย สะ เพาะ แม่น ผัก ตบ ใน ฮ่อง ละ บาย น้ำ ฮ่อง แซง
wavs/(41).wav,สัง เกด เห็น ว่า ผัก ตบ เลี่ม เตีบ ใหย่ ขะ หยาย ตัว เต็ม ฮ่อง หลาย จุด
wavs/(42).wav,ซึ่ง ฮ่อง น้ำ ดั่ง ก่าว นี้ เป็น ฮ่อง ละ บาย น้ำ สำ คัน ที่ ฮอง ฮับ กาน ละ บาย น้ำ จาก หลาย ตัว เมือง ใน นะ คอน หลวง เวียง จัน
wavs/(43).wav,เซ่น เมือง สี โคด ตะ บอง เมือง จัน ทะ บู ลี และ เมือง ไซ เซด ถา ลง สู่ อ่าง น้ำ บึง ทาด หลวง
wavs/(44).wav,เพื่อ ป้อง กัน น้ำ ถ้วม ขัง เว ลา ฝน ตก หนัก พาก ส่วน เกี่ยว ข้อง ควน เล่ง มือ กำ จัด ผัก ตบ
wavs/(45).wav,และ วัด ซะ พืด หลาย ซะ นิด ออก จาก ฮ่อง น้ำ คอง บึง ต่างๆ ใน ตัว เมือง
wavs/(46).wav,ตั้ง แต่ หัว ที บ่อ ให้ กาย เป็น สิ่ง กีด ขวาง ทาง น้ำ ไหล
wavs/(47).wav,หลือ เฮ็ด ให้ น้ำ ไหล ซ้า ไหล บ่อ สะ ดวก อัน เป็น สา เหตุ หลัก
wavs/(48).wav,ที่ เฮ็ด ให้ มี น้ำ ถ้วม ขัง หลาย บ่อน ใน แต่ ละ ปี ที่ ผ่าน มา
wavs/(49).wav,ผ่าน มา เห็น ได้ ว่า กอ มี หลายๆ พาก ส่วน
wavs/(50).wav,เป็น ต้น อง กาน ปก คอง บ้าน เมือง อง กาน จัด ตั้ง มะ หา ซน ซาว หนุ่ม แม่ ยิง กำ มะ บาน อง กาน จัด ตั้ง ทาง สัง คม
wavs/(51).wav,ให้ ความ สำ คัน หลาย เกี่ยว กับ บัน หา นี้ พาก ส่วน กอ จะ ฮ่วม แฮง ฮ่วม ใจ สา มัก คี กัน
wavs/(52).wav,ออก แฮง งาน อะ นา ไม ลวง ฮ่อง น้ำ ต่างๆ ฮื้อ ถอน
wavs/(53).wav,และ เก็บ เมี้ยน วัด สะ พืด ออก ไป เป็น แต่ ละ อา ทิด ตาม ที่ เฮา เคย เอี้น ว่า ออก แฮง งาน วัน เสา แดง
wavs/(54).wav,แต่ ยัง บ่อ ทัน เห็น พวก ส่วน ใด หลือ อง กาน จัด ตั้ง ใดๆ
wavs/(55).wav,ปี นี้ กอ เซ่น เดียว กัน วัด สะ พืด ได้ เตีบ ใหย่ ขะ หยาย ตัว เต็ม ห้วย ฮ่อง ใน ตัว เมือง แล้ว
wavs/(56).wav,โดย สะ เพาะ แม่น อง กาน จัด ตั้ง ที่ มี ส่วน พัว พัน โดย กง
wavs/(57).wav,ให้ ความ สน ใจ ที่ จะ ลง อะ นา ไม ลวง ตะ คอง ฮ่อง แซง และ ฮ่อง อื่นๆ
wavs/(58).wav,ที่ เกิด มี ผัก ตบ จำ นวน หลาย
wavs/(59).wav,ฮ่อง แซง เป็น ฮ่อง น้ำ ขะ หนาด ใหย่ ที่ ละ บาย น้ำ จาก ตัว เมือง ลง สู่ แหล่ง น้ำ ทำ มะ ซาด
wavs/(60).wav,ทัง มี หลาย จุด ของ ฮ่อง แซง เต็ม ไป ด้วย วัด สะ พืด ที่ ตึบ หนา
wavs/(61).wav,ขวาง ทาง เดีน ของ น้ำ อยู่ อัน เป็น สา เหตุ หนึ่ง ที่ เฮ็ด ให้ เกิด น้ำ ถ้วม ขัง
wavs/(62).wav,ซึ่ง เกี่ยว กับ บัน หา นี้ ใน วัน ที สิบ สอง มิ ถุ นา สอง พัน ซาว สาม นี้
wavs/(63).wav,ผา ตุง ได้ สอบ ถาม ไป ยัง คะ นะ ฮับ ผิด ซอบ ห้อง กาน คุ้ม คอง และ บอ ลิ หาน ตัว เมือง
wavs/(64).wav,เกี่ยว กับ เลื่อง นี้ แล้ว และ ได้ ฮับ คำ ซี้ แจง ว่า
wavs/(65).wav,ได้ มี แผน กาน ใน กาน อะ นา ไม ลวง ฮ่อง ละ บาย น้ำ ฮ่อง แซง แล้ว
wavs/(66).wav,และ พวม ปึก สา หา ลือ กัน อยู่ เพื่อ เกียม ความ พ้อม
wavs/(67).wav,และ อำ นวย ความ สะ ดวก ใน กาน ปะ ติ บัด หน้า ที่ กำ จัด ผัก ตบ
wavs/(68).wav,และ วัด สะ พืด ซะ นิด ต่างๆ ออก จาก ฮ่อง น้ำ ต่างๆ
wavs/(69).wav,แต่ ยัง ลอ ถ้า กาน ซี้ นำ จาก ขั้น เทิง ใน กาน ปะ ติ บัด ตัว จิง ใน ไวๆ นี้
wavs/(70).wav,บัน ดา ตัว เมือง ใหย่ โดย สะ เพาะ นะ คอน หลวง เวียง จัน
wavs/(71).wav,พอ หน้า ฝน มา มัก เกิด บัน หา น้ำ ถ้วม ขัง ตาม ถนน  หน ทาง
wavs/(72).wav,และ เฮือน ซาน ปะ ซา ซน หลาย จุด
wavs/(73).wav,เนื่อง จาก บัน หา ฮ่อง ละ บาย น้ำ ที่ มี อยู่ นั้น ละ บาย น้ำ บ่อ ทัน
wavs/(74).wav,มี บาง บ่อน มี ขี้ เหยื้อ ขี้ ดิน อุด ตัน และ
wavs/(75).wav,กาน ที่ ฮ่อง ละ บาย น้ำ ใน ตัว เมือง อุด ตัน
wavs/(76).wav,ส่วน หนึ่ง เกิด จาก ความ บ่อ เอา ใจ ใส่ ของ คน ใน สัง คม จำ นวน หนึ่ง
wavs/(77).wav,ซาว นะ คอน หลวง เวียง จัน หลือ ตัว เมือง อื่นๆ ทั่ว ปะ เทด
wavs/(78).wav,เซ่น มัก ถิ้ม ขี้ เหยื้อ ซะ ซาย และ สิ่ง เสด เหลือ ต่างๆ ลง ฮ่อง ลง คอง ละ บาย น้ำ
wavs/(79).wav,ที่ เคย เกิด มี น้ำ ถ้วม ขัง และ ทุก กาน จัด ตั้ง ทุก พาก ส่วน จ่ง ซ่วย กัน อะ นา ไม
wavs/(80).wav,เอา ขี้ เหยื้อ ออก จาก ฮ่อง ละ บาย น้ำ ถ้า เฮือน ใผ อยู่ ใก้ล หลือ ติด แคม ทาง ใหย่
wavs/(81).wav,หลือ มี ฮ่อง ละ บาย น้ำ อยู่ หน้า เฮือน กอ ให้ พ้อม กัน ซ่วย ขุด ลวง ฮ่อง ละ บาย น้ำ
wavs/(82).wav,จก เอา สิ่ง อุด ตัน ออก เพื่อ ซ่วย ให้ น้ำ ไหล สะ ดวก
wavs/(83).wav,และ ส่ง กิ่น เหม็น ที่ เกิด จาก น้ำ ที่ ใช้ แล้ว หลือ สิ่ง เสด เหลือ อื่นๆ ที่ สะ สม อยู่ เป็น เว ลา ดน นาน
wavs/(84).wav,ไล ยะ นี้ ฝน กำ ลัง เลี่ม ตก ถี่ ขึ้น อาด เฮ็ด ให้ น้ำ ถ้วม ขัง หลาย จุด ใน ตัว เมือง นะ คอน หลวง เวียง จัน
wavs/(85).wav,สะ นั้น เฮา ต้อง ฮ่วม มือ กัน ใน กาน แก้ ไข บัน หา น้ำ ถ้วม ขัง ใน ตัว เมือง
wavs/(86).wav,และ กาน แก้ ไข บัน หา นี้ ถือ ว่า เป็น เลื่อง ที่ ทุก คน ต้อง ได้ ฮ่วม แฮง ฮ่วม ใจ กัน
wavs/(87).wav,ญ่า ถิ้ม ขี้ เหยื้อ สิ่ง เสด เหลือ ลง ฮ่อง ละ บาย น้ำ เพาะ จะ ไป อุด ตัน
wavs/(88).wav,เฮ็ด ให้ น้ำ ไหล บ่อ สะ ดวก สิ่ง สำ คัน กอ ขอ ให้ ความ ฮ่วม มือ เป็น หน้า ที่ ของ ทุก คน
wavs/(89).wav,และ ควน เฮ็ด เป็น ปะ จำ บ่อ ควน อา ไส พาก ส่วน เกี่ยว ข้อง มา ฮับ ผิด ซอบ อย่าง เดียว
wavs/(90).wav,และ หน่วย งาน ที่ เกี่ยว ข้อง ต่างๆ กอ ควน ฮีบ ฮ้อน หา วิ ที ป้อง กัน แต่ หัว ที
wavs/(91).wav,เพื่อ บ่อ ให้ เกิด มี น้ำ ถ้วม ขัง เหมือน ดั่ง ปี ที่ ผ่านๆ มา
wavs/(92).wav,เมื่อ ฮอด วัน ที สาม สิบ เอ็ด พึด สะ พา ของ ทุกๆ ปี ซึ่ง เป็น วัน งด สูบ ญา โลก
wavs/(93).wav,แต่ ละ ปะ เทด ได้ จัด ตั้ง สะ เหลีม สะ หลอง วัน สำ คัน นี้ อย่าง กว้าง ขวาง ด้วย กาน จัด
wavs/(94).wav,หลาย กิด จะ กำ ที่ แตก ต่าง กัน ไป เป็น ต้น แม่น จัด ขะ บวน ย่าง
wavs/(95).wav,แข่ง ขัน กิ ลา เพื่อ สุ ขะ พาบ และ อื่นๆ ตาม เงื่อน ไข ที่ เหมาะ สม
wavs/(96).wav,และ ปี สอง พัน ซาว สาม นี้ จัด ขึ้น พาย ใต้ คำ ขวัน ปูก พืด ที่ กิน ได้ ทด แทน กาน ปูก ญา สูบ
wavs/(97).wav,ซึ่ง มัน สอด ค่อง กับ นะ โย บาย ของ ลัด ถะ บาน
wavs/(98).wav,ใน กาน ส่ง เสริม ปูก พืด กะ สิ กำ ซะ นิด อื่น ทด แทน กาน ปูก ญา สูบ
wavs/(99).wav,ปัด จุ บัน มี เจ็ด สิบ เก้า ปะ เทด ใน ทั่ว โลก กำ ลัง พบ บัน หา กาน บ่อ ค้ำ ปะ กัน สะ เบียง อา หาน
wavs/(100).wav,โดย สะ เพาะ ปะ เทด ที่ มี ลาย ฮับ ต่ำ และ ลาย ฮับ ปาน กาง
wavs/(101).wav,สะ เพาะ ใน บัน ดา ปะ เทด สะ มา ซิก อา เซียน มี ปะ ซา กอน เถิง หก สิบ ล้าน คน
wavs/(102).wav,ได้ ฮับ อา หาน ที่ มี โพ ซะ นา กาน บ่อ คบ ถ้วน ด้วย เหตุ นั้น ควน เปี่ยน จาก เนื้อ ที่ จาก กาน
wavs/(103).wav,ปูก ญา สูบ แล้ว หัน มา ปูก พืด ที่ กิน ได้
wavs/(104).wav,และ มี สาน อา หาน คบ ถ้วน และ ฮับ ปะ กัน ให้ มี กาน ค้ำ ปะ กัน สะ เบียง อา หาน อย่าง ทั่ว เถิง
wavs/(105).wav,ปี สอง พัน สิบ เก้า ใน พาก พื้น อา เซียน ได้ นำ ใช้ เนื้อ ที่ เพื่อ ปูก ญา สูบ หลาย กว่า สาม แสน สอง หมื่น หนึ่ง พัน ห้า ฮ้อย เจ็ด สิบ ห้า เฮ็ก ต้า
wavs/(106).wav,ทั่ง ที่ เนื้อ ที่ เหล่า นี้ สา มาด ให้ ผน ผะ ลิด ด้าน กะ สิ กำ ปะ เพด พืด ผัก และ หมาก ไม้ สาม สิบ แปด พัน ห้า ฮ้อย ก่วา โตน
wavs/(107).wav,ซึ่ง มัน เพียง พอ ต่อ ความ ต้อง กาน บอ ลิ โพก ของ ปะ ซา ซน อา เซียน ใน แต่ ละ มื้อ สอง แสน ห้า สิบ พัน คน ใน หนึ่ง ปี
wavs/(108).wav,เว้า เลื่อง กาน ปูก ญา สูบ ใน เมื่อ ก่อน นอก จาก กาน เฮ็ด นา ปูก เข้า เป็น ต้น ตอ แล้ว
wavs/(109).wav,ซาว นา กะ สิ กอน จำ นวน หนึ่ง ได้ หัน เอา เนื้อ ที่ เหล่า นั้น มา ปูก ญา สูบ ใน ยาม แล้ง
wavs/(110).wav,เพาะ กาน ปูก ญา สูบ นั้น เป็น อา ซีบ หนึ่ง ที่ ส้าง ลาย ได้ ดี สม ควน
wavs/(111).wav,และ ติด พัน กับ กาน ดำ ลง ซี วิด ของ ปะ ซา ซน ซาว กะ สิ กอน บ่อ จัก เท่า ใด เซ่น คน แล้ว
wavs/(112).wav,และ มี จำ นวน หนึ่ง ได้ บุก เบีก เนื้อ ที่ กาน ผะ ลิด มา ปูก ญา สูบ เพื่อ ป้อน โฮง งาน ญา สูบ โดย สะ เพาะ
wavs/(113).wav,ซึ่ง กอ เป็น กาน ยาก ที่ จะ แก้ ไข ได้ ใน เว ลา อัน สั้นๆ
wavs/(114).wav,กาน ที่ ลัด ถะ บาน มี แนว ทาง ซุก ยู้ ส่ง เสริม ให้ ผู้ ปูก ญา สูบ
wavs/(115).wav,หัน มา ปูก พืด ที่ กิน ได้ แทน กาน ปูก ญา สูบ
wavs/(116).wav,เห็น ว่า เป็น สิ่ง ที่ ดี ที่ สุด แล้ว แต่ ญาก ให้ ปา กด เป็น ฮูบ เป็น ฮ่าง ขึ้น มา
wavs/(117).wav,มัน ต้อง มี ปัด ไจ หลาย อย่าง เข้า ซ่วย เป็น ต้น กาน วาง แผน กำ นด เนื้อ ที่ ปูก
wavs/(118).wav,กาน ซ่วย เหลือ ทาง ด้าน เต็ก นิก วิ ซา กาน กาน เข้า เถิง แหล่ง สะ หนอง ทึน กาน ผะ ลิด
wavs/(119).wav,มี ตะ หลาด จำ หน่าย ที่ แน่ นอน และ ปัด ไจ อื่นๆ เข้า ซ่วย ตื่ม อีก
wavs/(120).wav,ปัด จุ บัน นี้ อยู่ ลาว เฮา ยัง มี ปะ ซา ซน จำ นวน บ่อ หน้อย ปูก ญา สูบ เพื่อ สะ หนอง ให้ โฮง งาน ผะ ลิด ญา สูบ
wavs/(121).wav,ย้อน มี ความ เข้า ใจ ว่า กาน ปูก ญา สูบ ยัง แม่น อา ซีบ ต้น ตอ
wavs/(122).wav,ที่ ส้าง ลาย ฮับ ให้ ตน เอง และ คอบ คัว หลาย ก่วา กาน ปูก พืด ผัก ซะ นิด อื่น
wavs/(123).wav,และ ยัง คิด ว่า กาน ปูก ญา สูบ บ่อ เป็น อัน ตะ ลาย ต่อ สุ ขะ พาบ
wavs/(124).wav,เพาะ อา ซีบ นี้ ได้ ติด พัน กับ เขา เจ้า มา เป็น เว ลา อัน ยาว นาน แล้ว
wavs/(125).wav,ใน ความ เป็น จิง แล้ว กาน ปูก ญา สูบ ได้ ส่ง ผน กะ ทบ ใน หลาย ด้าน
wavs/(126).wav,นับ ทัง สุ ขะ พาบ ของ ซาว สวน ผู้ ปูก ญา สูบ ที่ ต้อง ทน ทุก ทอ ละ มาน กับ พะ ยาด ใบ เขียว
wavs/(127).wav,และ ยัง ส่ง ผน กะ ทบ ต่อ สิ่ง แวด ล้อม ที่ ต้อง สูน เสีย เนื้อ ที่ ป่า ไม้ เพื่อ ปูก ญา สูบ
wavs/(128).wav,ดิน ที่ ใช้ ปูก ญา สูบ จะ สูน เสีย ความ อุ ดม สม บูน ของ ดิน
wavs/(129).wav,เนื่อง จาก กาน ปูก ญา สูบ ต้อง ใช้ ปุ๋ย และ ญา ข้า แมง ไม้ เป็น จำ นวน หลาย
wavs/(130).wav,เฮ็ด ให้ บ่อ สา มาด ปูก พืด เป็น อา หาน ใน ดิน ตอน นั้น ได้ อีก
wavs/(131).wav,สะ นั้น กาน ที่ พาก อุด สา หะ กำ ญา สูบ พะ ยา ยาม ส่ง เสริม ให้ ซาว สวน ปูก ญา สูบ นั้น
wavs/136_trim.wav,ควน หัน มา ละ ดม ให้ เขา เจ้า ปูก พืด กิน ได้ แทน ที่ จึ่ง จะ บ่อ ส่ง ผน ให้ สิ่ง แวด ล้อม ถืก ทำ ลาย
wavs/137_trim.wav,สาน เค มี บ่อ ตก ค้าง ปะ ซา ซน บ่อ เจ็บ เป็น และ จะ บ่อ เฮ็ด ให้ คน ขาด แคน อา หาน
wavs/138_trim.wav,นับ แต่ เดือน มิ ถุ นา หา ต้น เดือน กอ ละ กด ของ ทุกๆ ปี แม่น ไล ยะ ฝน ต้น ละ ดู
wavs/139_trim.wav,เป็น ไล ยะ เหมาะ แก่ กาน ปูก ต้น ไม้ และ บัน ดา พืด พัน ทัน ยา หาน หลาย ซะ นิด
wavs/140_trim.wav,สะ นั้น พัก และ ลัด ถะ บาน เฮา จึ่ง เล็ง เห็น ความ สำ คัน ได้ กำ นด เอา วัน ที หนึ่ง
wavs/141_trim.wav,มิ ถุ นา เป็น วัน ปูก ต้น ไม้ แห่ง ซาด
wavs/142_trim.wav,เพาะ ว่า เป็น ไล ยะ ฝน ตก ใหม่ พาย หลัง เฮา ลง มือ ปูก ต้น ไม้
wavs/143_trim.wav,และ พืด ผัก ต่างๆ ลง แล้ว ฝน กอ จะ ตก ลง มา โฮย ฮำ เป็น ไล ยะๆ
wavs/144_trim.wav,จาก นั้น ต้น ไม้ ที่ เฮา ปูก กอ จะ ติด และ เลี่ม เตีบ โต ใหย่ ขึ้น ไป ตาม อา ยุ กาน และ ละ ดู กาน
wavs/145_trim.wav,พิ เสด ใน สะ ไหม นี้ เป็น ยุก เต็ก โน โล ซี ทัน สะ ไหม ก้าว หน้า ล้ำ ยุก
wavs/146_trim.wav,เพื่อ ให้ ต้น ไม้ หลือ พืด ผัก ที่ เฮา ปูก ลง ดิน มี กาน เตีบ โต เขียว งาม และ ใหย่ ไว
wavs/147_trim.wav,เฮา ยัง ต้อง ได้ ใส่ ฝุ่น วิ ทะ ยา สาด ฝุ่น ซีวะ พาบ สาน กะ ตุ้น น้ำ ญา ข้า สัด ตู พืด หลือ ด้วย วิ ที กาน อื่นๆ
wavs/148_trim_01.wav,ที่ เหมาะ สม กับ อา กาด และ สะ พาบ แวด ล้อม นอก จาก นั้น แล้ว ยัง พัว พัน ไป เถิง กาน ปก ปัก ฮัก สา ด้วย วิ ที กาน อื่นๆ ตื่ม อีก
wavs/149_trim_01.wav,เซ่น เฮ็ด ฮั้ว อ้อม ต้น ไม้ แต่ ละ ต้น เพื่อ บ่อ ให้ งัว ควาย หลือ สัด เลี้ยง เข้า ไป กิน
wavs/150_trim.wav,นับ ทัง เสีย หย้า ข้า ฮุ่น หด น้ำ ใน เว ลา ต้น ไม้ บ่อ ทัน ใหย่ โดย สะ เพาะ ละ ดู แล้ง เพาะ ญ้าน ต้น ไม้ ตาย แดด
wavs/151_trim.wav,นี้ แม่น มาด ตะ กาน ทัง เป็น วิ ที กาน เพื่อ เฮ็ด ให้ ต้น ไม้ ที่ เฮา ลง มือ ปูก ไป แล้ว บ่อ ให้ มัน
wavs/152_trim_01.wav,สูน หาย หลือ ตาย ไป ย้อน ขาด กาน เอา ใจ ใส่ ดู แล
wavs/153_trim.wav,ใน หลาย ปี ผ่าน มา กาน ปูก ต้น ไม้ อยู่ ส ป ป ลาว พวก เฮา เห็น ว่า เป็น ขะ บวน ฟด ฟื้น พอ สม ควน
wavs/154_trim.wav,เสีย แต่ ว่า บาด ปูก ไป แล้ว ส่วน หลาย ขาด กาน เอา ใจ ใส่ ดู แล
wavs/155_trim.wav,จึ่ง เฮ็ด ให้ ต้น ไม้ สูน หาย ตาย ดับ เป็น จำ นวน บ่อ หน้อย
wavs/156_trim_01.wav,ยิ่ง ไป กว่า นั้น ยัง พา กัน ตัด หลาย กว่า กาน ปูก จึ่ง เฮ็ด ให้ ต้น ไม้ ใน ผืน ป่า นับ มื้อ กุด เหี้ยน สูน หาย ไป เลื้อยๆ
wavs/157_trim.wav,จาก ข้อ มูน ของ กะ ซวง กะ สิ กำ และ ป่า ไม้ ใน ปี หนึ่ง พัน เก้า ฮ้อย สี่ สิบ
wavs/158_trim.wav,กาน ปก หุ้ม ป่า ไม้ ใน ทั่ว ปะ เทด มี ปะ มาน เจ็ด สิบ เปอ เซ็น ของ เนื้อ ที่ ใน ทั่ว ปะ เทด
wavs/159_trim_01.wav,มา ฮอด ปี สอง พัน สิบ แปด เหลือ เพียง สี่ สิบ เปอ เซ็น และ ค่อยๆ หลุด ลง ใน แต่ ละ ปี
wavs/160_trim.wav,ใน กอง ปะ ซุม สะ พา แห่ง ซาด ว่า ด้วย แผน แม่ บด จัด สัน ที่ ดิน แห่ง ซาด ฮอด ปี สอง พัน สาม สิบ
wavs/161_trim.wav,ต้อง สู้ ซน ให้ มี ป่า ปก หุ้ม เจ็ด สิบ เปอ เซ็น ของ เนื้อ ที่ ทัง หมด ทั่ว ปะ เทด
wavs/162_trim.wav,ใน นี้ ปะ กอบ ด้วย ป่า สะ หงวน สี่ จุด เจ็ด ล้าน เฮ็ก ต้า ป่า ป้อง กัน แปด จุด สอง ล้าน เฮ็ก ต้า
wavs/163_trim_01.wav,ป่า ผะ ลิด สาม จุด หนึ่ง ล้าน เฮ็ก ต้า และ พื้น ที่ ป่า ปูก ห้า แสน เฮ็ก ต้า
wavs/164_trim_01.wav,แต่ ตัว จิง จะ ได้ หลือ บ่อ นั้น มัน กอ ขึ้น กับ ทุก คน
wavs/165_trim.wav,เพาะ ผ่าน มา เห็น ว่า กาน ตัด ไม้ ทำ ลาย ป่า แม่น หลาย กว่า กาน ปูก ไม้ ให้ เป็น ป่า
wavs/166_trim_01.wav,สำ ลับ ปี นี้ ขะ บวน กาน ปูก ต้น ไม้ เห็น ว่า ฟด ฟื้น พอ สม ควน
wavs/167_trim_01.wav,โดย สะ เพาะ มี กาน นำ สูง สุด ของ ปะ เทด ได้ เป็น แบบ อย่าง นำ พา
wavs/168_trim_01.wav,ดั่ง ใน วัน ที หนึ่ง มิ ถุ นา ผ่าน มา ท่าน ปะ ทาน ปะ เทด ทอง ลุน สี สุ ลิด
wavs/169_trim_01.wav,ท่าน นา ยก ลัด ถะ มน ตี สอน ไซ สี พัน ดอน และ บัน ดา ท่าน กาน นำ ผู้ อื่นๆ
wavs/170_trim_01.wav,นับ แต่ ขั้น สูน กาง ลง ฮอด ท้อง ถิ่น บัน ดา กม กอง กะ ซวง ขะ แหนง กาน ต่างๆ
wavs/171_trim.wav,ใน ทุก เมือง เขด แขวง ต่าง กอ ได้ ส้าง ขะ บวน กาน ปูก ต้น ไม้ อย่าง เป็น ขะ บวน และ มี ความ หมาย
wavs/172_trim_01.wav,อย่าง ใด กอ ดี สิ่ง ที่ ควน คำ นึง เถิง นั้น เมื่อ ปูก ไป แล้ว ต้อง แบ่ง ความ ฮับ ผิด ซอบ ให้ แต่ ละ พาก ส่วน
wavs/173_trim_01.wav,อย่าง ขาด ตัว เพื่อ ปก ปัก ฮัก สา ให้ มัม ใหย่ จน กาย เป็น ป่า ตึบ ดง หนา
wavs/174_trim.wav,ญ่า สัน หา แต่ พา กัน ตัด ทำ ลาย สุด ท้าย โทด ของ กาน ตัด ไม้ ทำ ลาย ป่า จะ มา ญาม บ่อ ไว กอ ซ้า
wavs/175_trim.wav,เซ่น เกิด พา ยุ ขาด ฝน แห้ง แล้ง เกิด ไพ พิ บัด เกิด โล คา พะ ยาด ต่างๆ นา นา นั้น แล
wavs/176_trim_01.wav,กาน ฮัก สา ความ สะ อาด พาย ใน สำ นัก งาน งาน อง กาน บอ ลิ สัด ห้าง ฮ้าน ตะ หลอด ฮอด ทัง เฮือน ซาน บ้าน ซ่อง
wavs/177_trim_01.wav,ของ ปะ ซา ซน แต่ ละ คุ้ม บ้าน นั้น แม่น มี ความ สำ คัน หลาย นอก จาก เป็น กาน ฮัก สา สะ พาบ แวด ล้อม ที่ ดี แล้ว
wavs/178_trim.wav,ยัง เป็น กาน ฮัก สา อะ นา ไม ให้ ห่าง จาก พะ ยาด โล คา นำ อีก
wavs/179_trim.wav,ผ่าน มา ทุก พาก ส่วน ใน สัง คม เป็น เจ้า กาน จัด ตั้ง ปะ ติ บัด ได้ ดี ตะ หลอด มา
wavs/180_trim.wav,กาน เก็บ เมี้ยน ขี้ เหยื้อ อยู่ ใน ตัว เมือง สัง เกด เห็น ว่า ปะ ติ บัด ได้ ดี
wavs/181_trim.wav,เพาะ มี พาก ส่วน เกี่ยว ข้อง โดย สะ เพาะ แม่น อง กาน พัด ทะ นา ตัว เมือง
wavs/182_trim.wav,และ ผู้ ปะ กอบ กาน ทุ ละ กิด บอ ลิ กาน ได้ นำ ใช้ พา หะ นะ เถิง ว่า บ่อ ทัน สะ ไหม ปาน ใด
wavs/183_trim.wav,แต่ กอ เป็น เงื่อน ไข ที่ ดี ใน กาน เก็บ เมี้ยน ขี้ เหยื้อ ได้ ว่อง ไว แล้ว เอา ไป ถิ้ม ถืก บ่อน ถืก ที่ เฮ็ด ให้ ขี้ เหยื้อ
wavs/184_trim_01.wav,หลือ สิ่ง เสด เหลือ จาก กาน นำ ใช้ ของ สัง คม บ่อ ฮก เฮื้อ ตาม อา คาน บ้าน เฮือน
wavs/185_trim.wav,ปัด จุ บัน แม่น อยู่ ใน ไล ยะ ละ ดู ฝน กาน เก็บ เมี้ยน ขี้ เหยื้อ ของ พาก ส่วน เกี่ยว ข้อง กออาด ซัก ซ้า บ่อ ตง โมง บ่อ ตง มื้อ แด่
wavs/186_trim.wav,กอ หาก มี เป็น บาง คั้ง คาว ย้อน สะ พาบ ฝน ตก พา หะ นะ เป่ เพ หลือาด เป็น ย้อน กาน ส้าง ขี้ เหยื้อ จาก สัง คม หลาย ขึ้น กอ เป็น ได้
wavs/187_trim.wav,แต่ สิ่ง ที่ ญาก เว้า เถิง นี้ แม่น กาน นำ เอา ขี้ เหยื้อ และ สิ่ง เสด เหลือ จาก คัว เฮือน ห้อง กาน สำ นัก งาน ออก มา ปะ ไว้ ข้าง นอก
wavs/188_trim_01.wav,เพื่อ ลอ ถ้า ให้ ลด เก็บ เมี้ยน ขี้ เหยื้อ มา ขน เอา ไป ถิ้ม เห็น หลาย คน ยัง ปะ ติ บัด บ่อ ทัน ได้ ดี เท่า ที่ ควน
wavs/189_trim_01.wav,ซึ่ง เห็น ได้ จาก เจ้า ของ เฮือน บาง คน ยัง บ่อ ทัน สา มาด แยก สิ่ง เสด เหลือ นั้น ออก อย่าง ละ เอียด ยัง ถิ้ม สับ ปน คน เล ใส่ นำ กัน
wavs/190_trim.wav,ทัง เป็น ขี้ เหยื้อ มี น้ำ ขัง อัน ก่อ ให้ เกิด น้ำ เน่า เหม็น บาง พาก ส่วน พัด นำ เอา ออก มา ปะ ไว้
wavs/191_trim_01.wav,ก่อน กำ นด ที่ ลด เก็บ เมี้ยน จะ มา เถิง เป็น เว ลา หลาย มื้อ โดย ที่ บ่อ เมี้ยน มัด อัด ให้ ละ เอียด ถี่ ถ้วน
wavs/192_trim_01.wav,เว ลา ฝน ตก ลง มา กอ จะ เฮ็ด ให้ น้ำ ขัง อยู่ ขี้ เหยื้อ ส้าง กิ่น เหม็น ให้ สัง คม บอ ลิ เวน ใก้ล เคียง
wavs/193_trim.wav,ทัง ส้าง ความ หยุ้ง ยาก เปอะ เปื้อน กว่า ที่ ควน ให้ พะ นัก งาน เก็บ เมี้ยน ขี้ เหยื้อ
wavs/194_trim_01.wav,เหตุ กาน เซ่น นี้ มี ให้ เห็น อย่าง หลวง หลาย โดย ที่ เจ้า ของ ถง ขี้ เหยื้อ ขาด ความ ฮับ ผิด ฮับ ซอบ อย่าง จิง จัง
wavs/195_trim_01.wav,ได้ นำ เอา ถง ขี้ เหยื้อ มา ปะ ไว้ ก่อน กำ นด หลาย วัน โดย บ่อ ฮับ ปะ กัน เมื่อ น้ำ ฝน ฮำ ใส่ เฮ็ด ให้ ขี้ เหยื้อ เน่า เปื่อีย
wavs/196_trim.wav,ยิ่ง ไป กว่า นั้น พัด มี สัด ไป กัด ไป แห้น เฮ็ด ให้ ถง ขาด ขี้ เหยื้อ ฟ้ง กะ จาย ไป ทั่ว บอ ลิ เวน ส้าง ความ ลำ คาน
wavs/197_trim.wav,ส่ง กิ่น เหม็น กาย เป็น มน ละ พิด ทาง อา กาด และ มี ผน สะ ท้อน เถิง ละ บบ ทาง เดีน หาย ใจ ของ คน อยู่ ขง เขด นั้น
wavs/198_trim.wav,ส่วน ลด ที่ เอี้น ง่ายๆ สั้นๆ ว่า ลด อะ นา ไม กอ เซ่น เดียว กัน มี บาง คั้ง กอ สวย โอ กาด บ่อ มา เก็บ เมี้ยน ตาม กำ นด
wavs/199_trim_01.wav,ปะ ไว้ หลาย มื้อ จึ่ง มา บาด เดียว แต่ เมื่อ มา แล้ว พัด เก็บ ไป บ่อ หมด ปะ ให้ ส่ง กิ่น เน่า เหม็น อยู่ ต่อ ไป จน ฮอด ฮอบ เวียน ใหม่ จึ่ง มา แนว นี้ กอ หาก มี
wavs/200_trim_01.wav,เจ้า ถิ้ม ใส่ ข้อย ข้อย ถิ้ม ใส่ เจ้า โดย ที่ ต่าง ฝ่าย ต่าง กอ บ่อ สา มาด เว้า ว่า หยัง ให้ กัน ได้ เลย
wavs/201_trim_01.wav,นี้ มัน บ่อ ต่าง หยัง กับ กาน เพี่ม ความ เปอะ เปื้อน ให้ สัง คม ตื่ม อีก
wavs/202_trim.wav,เถิง จะ เป็น ยาม ฝน กอ ตาม กาน กำ จัด และ เก็บ เมี้ยน ขี้ เหยื้อ ให้ ถืก ที่ ถืก ทาง มัน กอ ยัง เป็น ความ ฮับ ผิด ซอบ ของ ทุก พาก ส่วน
wavs/203_trim.wav,ต้น ตอ แม่น คอบ คัว ปะ ซา ซน ผู้ ส้าง ขี้ เหยื้อ นั้น ละ ต้อง เป็น เจ้า กาน ใน กาน เก็บ เมี้ยน
wavs/204_trim.wav,บ่อ แม่น จะ เอื่อีย อีง ใส่ แต่ เจ้า หน้า ที่ ที่ มา เก็บ เมี้ยน เพียง ฝ่าย เดียว
wavs/205_trim.wav,และ ฝ่าย ผู้ บอ ลิ กาน เก็บ เมี้ยน ขี้ เหยื่อ กอ เซ่น เดียว กัน ใน เมื่อ เฮ็ด หน้า ที่ บอ ลิ กาน กอ ต้อง เพี่ม ความ ฮับ ผิด ฮับ ซอบ ให้ หลาย ขึ้น กว่า เก่า
wavs/206_trim.wav,ทุก คน ทุก ฝ่าย ต้อง ฮ่วม แฮง สา มัก คี กัน เป็น น้ำ หนึ่ง ใจ เดียว กัน เพื่อ อะ นา คด ที่ สด ใส มีอา กาด ปอด โป่ง
wavs/207_trim.wav,ปะ ซา ซน มี สุ ขะ พาบ แขง แฮง ด้วย กาน กำ จัด ขี้ เหยื้อ ให้ ถืก ทิ่ ถืก บ่อน พ้อม กัน ฮัก สา สิ่ง แวด ล้อม ที่ ดี ให้ สม กับ คำ ที่ ว่า คน มี มา ละ ยาด ดี บ่อ ควน ถิ้ม ขี้ เหยื้อ ซะ ซาย
wavs/208_trim.wav,มา ฮอด เดียว นี้ กาน สอบ เส็ง ของ นัก เฮียน สาย สา มัน โดย สะ เพาะ แม่น กาน สอบ เส็ง จบ ซั้น ปอ ห้า
wavs/209_trim.wav,ใน ขอบ เขด ทั่ว ปะ เทด ปะ จำ สก เฮียน สอง พัน ซาว สอง หา สอง พัน ซาว สาม ได้ สำ เล็ด เป็น ที่ เฮียบ ฮ้อย แล้ว
wavs/210_trim_01.wav,เถิง แม่น ผน กาน สอบ เส็ง ยัง บ่อ ทัน มี กาน แจ้ง เป็น ทาง กาน เทื่อ ก่อ ตาม แต่ เซื่อ ว่า คง จะ ได้ ฮับ ตาม ละ ดับ คาด หมาย แต่ เก้า สิบ เปอ เซ็น ขึ้น ไป
wavs/211_trim.wav,สิ่ง ที่ ควน เอา ใจ ใส่ ใน เว ลา นี้ แม่น กาน กะ เกียม ทุก เงื่อน ไข ให้ เพียบ พ้อม เพื่อ ลง สู่ สะ หนาม ฮบ ใหม่
wavs/212_trim_01.wav,สะ หนาม ฮบ ทาง ด้าน วัด ทะ นะ ทำ ของ นัก เฮียน สาย สา มัน ก่อ แม่น กาน สอบ เส็ง เลื่อน ซั้น และ จบ ซั้น
wavs/213_trim.wav,โดย สะ เพาะ แม่น กาน เส็ง จบ ซั้น มัด ทะ ยม ตอน ต้น มอ สี่ เพื่อ ก้าว เข้า สู่ กาน เฮียน ใน ซั้น มัด ทะ ยม ตอน ปาย
wavs/214_trim.wav,และ จาก มัด ทะ ยม ตอน ปาย เพื่อ ก้าว เข้า สู่ วิ ทะ ยา ไล มะ หา วิ ทะ ยา ไล โฮง เฮียน เต็ก นิก วิ ซา ซีบ หลือ อื่นๆ ใน ขั้น ต่อ ไป
wavs/215_trim_01.wav,ซึ่ง กาน สอบ เส็ง จบ ซั้น มัด ทะ ยม ตอน ต้น จะ ดำ เนีน ไป ใน วัน ที สิบ สี่ หา สิบ หก และ เส็ง จบ ซั้น มัด ทะ ยม ตอน ปาย มอ เจ็ด จะ ดำ เนีน ไป ใน วัน ที ซาว เอ็ด หา ซาว สาม เดือน มิ ถุ นา นี้
wavs/216_trim.wav,เพื่อ ให้ กาน สู้ ฮบ ใน บั้น ฮบ นี้ มี ไซ ซะ นะ และ สำ เล็ด ตาม คาด หมาย นั้น
wavs/217_trim.wav,มัน บ่อ แม่น เลื่อง ง่าย ดาย ดั่ง คำ เว้า ที่ ว่า ปอก ก้วย เข้า ปาก ญาก มี ไซ ซะ นะ ญาก สำ เล็ด ตาม คาด หมาย นั้น
wavs/218_trim.wav,มัน ได้ เล่ง ให้ ทุก พาก ส่วน ที่ เกี่ยว ข้อง เป็น ต้น แม่น คูอา จาน ผู้ สิด สอน ถ่าย ทอด ความ ฮู้ ให้ นัก เฮียน นั้น ต้อง เป็น เจ้า กาน
wavs/219_trim.wav,ใน กาน ถ่าย ทอด วิ ทะ ยา ยุด ความ ฮู้ ความ สา มาด ให้ สำ เล็ด ตาม หลัก สูด ตำ ลา เฮียน
wavs/220_trim.wav,จัด ตั้ง กาน ค้น คว้า แลก เปี่ยน บด เฮียน ละ หว่าง นัก เฮียน เก่ง กับ นัก เฮียน ที่ เฮียน อ่อน หลือ นัก เฮียน กับ คูอา จาน
wavs/221_trim.wav,เล่ง กาน บำ ลุง ให้ นัก เฮียน ที่ เฮียน อ่อน ส่วน พ่อ แม่ ผู้ ปก คอง กอ ต้อง หมั่น สึก สา อบ ฮม และ เป็น กำ ลัง ใจ ให้ ลูก หลาน ใน กาน สู้ ซน จัด ตั้ง ค้น คว้า บด เฮียน
wavs/222_trim.wav,พ้อม ทัง เฝ้า ติด ตาม กาน ปะ พึด ปะ ติ บัด ของ ลูก หลาน ให้ ปะ ติ บัด ตน ไป ใน ทาง ที่ ถืก ต้อง ตาม ละ เบียบ กด หมาย บ้าน เมือง
wavs/223_trim.wav,แต่ ว่า ผู้ ที่ จะ มา พิ พาก สา ตัด สิน ไซ ซะ นะ ใน บั้น ฮบ อัน ดุ เดือด นี้ กอ แม่น ตัว ของ นัก เฮียน นัก สึก สา นั้น ละ
wavs/224_trim.wav,ที่ ต้อง เป็น เจ้า ตน เอง ใน กาน สึก สา ค้น คว้า บด เฮียน ที่ เฮียน มา ย้อน ว่า ตน เอง จะ เข้า ใจ ดีก ว่า คน อื่น บด เฮียน ใด
wavs/225_trim.wav,วิ ซา ใด บ่อ เข้า ใจ ต้อง ก้า ถาม ก้า แลก เปี่ยน คำ คิด เห็น นำ หมู่ ผู้ ฮู้ และ คูอา จาน
wavs/226_trim.wav,ส่วน หมู่ ผู้ ฮู้ กอ ควน ซ่วย เหลือ กัน ด้วย ความ จิง ใจ ญ่า เอา ตัว ลอด เป็น ยอด ดี
wavs/227_trim.wav,ควน เปิด ตัว เอง ให้ กว้าง ขื้น บ่อ ควน เอา ตน เอง เข้า ไป เกือก กั้ว มั่ว สุม กับ สิ่ง อะ บาย ยะ มุก ต่างๆ เป็น ต้น แม่น กาน หลี้น กิน ฟุม เฟือีย
wavs/228_trim.wav,เฮ ฮา ปา ตี่ ตาม เท็ก ตาม บา เข้า หา หมู่ เหล้า เบ้ีย เจ้ีย ไพ้ ญา เสบ ติด
wavs/229_trim.wav,เพาะ มัน บ่อ ได้ ซ่วย ให้ มี ความ สำ เล็ด ดอก มี แต่ จะ นำ พา ไป สู่ ความ หาย ยา นะ เท่า นั้น
wavs/230_trim.wav,ญ่า ลืม ว่า สก เฮียน สอง พัน ซาว สอง หา สอง พัน ซาว สาม นี้ เป็น อีก สก เฮียน หนึ่ง ที่ พ่อ แม่ ผู้ ปก คอง ได้ อาบ เหื่อ ตาง น้ำ
wavs/231_trim.wav,ขูด หัว เลา เกา หัว หย้า หา วัด ถุ เงิน คำ บ่อ จัก ว่า เท่า ใด เป้า หมาย ก่อ เพื่อ ส่ง เสริม ให้ ลูก หลาน ได้ สึก สา ฮ่ำ เฮียน เหนือน ดั่ง คน อื่น
wavs/232_trim.wav,ญาก ให้ ลูก หลาน เป็น คน ดี ของ คอบ คัว พน ละ เมือง ดี ของ ปะ เทด กาย เป็น บุก คะ ลา กอน ที่ เต็ม ไป ด้วย ความ ฮู้ ความ สา มาด
wavs/233_trim.wav,เพื่อ พัด ทะ นา ปะ เทด ซาด ให้ จะ เลีน ก้าว หน้า ต่อ ไป ดั่ง นั้น จ่ง เอา ใจ ใส่ กะ เกียม ให้ ดี และ สอบ เส็ง ให้ ได้ ตาม คาด หมาย
wavs/234_trim.wav,ถ้า บ่อ ดั่ง นั้น มัน จะ ตก เข้า ใส่ คำ เว้า ที่ ว่า เฮ็ด นา หมด ปี ไฟ ไหม้ เล้า เข้า
wavs/235_trim.wav,ใน เดือน พึด สะ พา ปี สอง พัน ซาว สาม นี้ ได้ เห็น กาน ลง ข่าว จาก บัน ดา สื่อ ว่า
wavs/236_trim.wav,มี ปะ ซา ซน หลาย คน ได้ เก็บ เห็ด จาก ป่า ใน บ่อน ที่ เคย เก็บ แต่ ละ ปี แล้ว นำ มา ปุง แต่ง เป็น อา หาน กิน พาย ใน คอบ คัว
wavs/237_trim.wav,เฮ็ด ให้ หลาย คน มีอา กาน เบื่อ เห็ด อยู่ บ้าน ดอน ไซ เมือง หลวง น้ำ ทา แขวง หลวง น้ำ ทา
wavs/238_trim.wav,จน นำ ไป สู่ กาน สูน เสีย ซี วิด เถิง สอง คน และ อีก ห้า คน ต้อง อยู่ พาย ใต้ กาน ติด ตาม ของ แพด อย่าง ใก้ล ซิด
wavs/239_trim.wav,เหตุ เกิด ขึ้น ใน วัน ที ซาว หก หา ซาว เจ็ด พึด สะ พา ผ่าน มา พาย หลัง ที่ เขา เจ้า ได้ เก็บ เห็ด ป่า
wavs/240_trim.wav,จาก บ่อน ที่ เคย เก็บ แต่ ละ ปี มา ปุง แต่ง เป็น อา หาน คาบ เข้า แลง ใน คอบ คัว
wavs/241_trim.wav,พาย หลัง ที่ กิน ไป แล้ว ปะ มาน สาม หา ห้า ซั่ว โมง แต่ ละ คน มีอา กาน เมา วิน หัว ฮาก และ ถอก ท้อง แต่ กอ พา กัน นอน หลับ
wavs/242_trim.wav,พอ ตื่น มา วัน ที ซาว แปด พึด สะ พา แต่ ละ คน มีอา กาน หนัก ขึ้น ซาว บ้าน และ ยาด พี่ น้อง จึ่ง นำ ส่ง โฮง หมอ แขวง
wavs/243_trim.wav,แต่อา กาน ฮุน แฮง หลาย จน มี ผู้ เสีย ซี วิด เถิง สอง คน
wavs/244_trim.wav,ส่วน อีก ห้า คน แม่น อยู่ พาย ใต้ กาน ติด ตาม ของ แพด อย่าง ใก้ล ซิด เพื่อ ซ่วย เหลือ ให้ พ้น ไพ อัน ตะ ลาย
wavs/245_trim.wav,นอก จาก นี้ แล้ว ผ่าน มา แต่ ละ ปี กอ มี ข่าว เกี่ยว กับ คน เจ็บ คน เสีย ซี วิด ย้อน เบื่อ เห็ด ป่า ที่ นำ มา ปุง แต่ง เป็น อา หาน
wavs/246_trim.wav,กิน พาย ใน คอบ คัว ย้อน แนว นั้น จึ่ง เห็น ได้ ว่า กาน เบื่อ เห็ด ป่า ส่วน หลาย แม่น คน ใน คอบ คัว เดียว กัน
wavs/247_trim.wav,หลาย เซ่น คน ผ่าน มา ย้อน ความ อุ ดม สม บูน ของ ทำ มะ ซาด ที่ คิด ว่า อาด จะ บ่อ บก แห้ง และ สูน พัน
wavs/248_trim.wav,เป็น จัก เทื่อ นั้น ปะ ซา ซน ลาว บัน ดา เผ่า โดย สะ เพาะ อยู่ เขด ซน นะ บด ได้ ดำ ลง ซี วิด ติด พัน กับ ทำ มะ ซาด ตะ หลอด มา
wavs/249_trim.wav,เพาะ ทำ มะ ซาด เหล่า นั้น เป็น บ่อน ให้ ที่ อยู่อา ไส ให้ ญา ปัว พะ ยาด ให้ อา กาด ที่ สด ใส ทัง ให้ อา หาน จาก ทำ มะ ซาด นาๆ ซะ นิด
wavs/250_trim.wav,ใน นั้น กอ ลวม ทัง บัน ดา เห็ด เป็น ต้น เห็ด ตาบ หลือ เห็ด ปวก เห็ด เผาะ เห็ด น้ำ หมาก เห็ด ละ โงก เห็ด ค้อน กอง
wavs/251_trim.wav,ซึ่ง เห็ด เหล่า นี้ เถิง จะ บ่อ แม่น อา หาน หลัก แต่ กอ เป็น ส่วน หนึ่ง ของ อา หาน หล่อ เลี้ยง คน ลาว มา แล้ว หลาย แสน หลาย ล้าน ซี วิด
wavs/252_trim.wav,กาน เบื่อ เห็ด นี้ กอ มี ทัง เบื่อ จาก เห็ด เบื่อ โดย กง และ จาก เห็ด ป่า ปน เปื้อน สาน เค มี ที่ ผู้ ปะ กอบ กาน นำ ใช้ เข้า สู่ กาน ผะ ลิด เกีน กำ นด
wavs/253_trim.wav,ต้อง ยอม ฮับ ความ เป็น จิง ว่า ปัด จุ บัน ปะ เทด ซาด พวม อยู่ ใน ไล ยะ พัด ทะ นา
wavs/254_trim.wav,พื้น ถาน ทาง ด้าน เสด ถะ กิด พวม เตีบ ใหย่ ขะ หยาย ตัว กาน บุก เบีก เนื้อ ที่ เพื่อ กาน กะ สิ กำ
wavs/255_trim.wav,ได้ ค่อยๆ กวม เอา เนื้อ ที่ ป่า ไม้ ทำ มะ ซาด ที่ เป็น แหล่ง สะ เบียง อา หาน ของ คน เฮา นับ มื้อ หน้อย ลง
wavs/256_trim.wav,กาน พัด ทะ นา พื้น ถาน กะ สิ กำ นั้น มี หลาย บ่อน หลาย พื้น ที่ บาง คั้ง กอ จำ เป็น ได้ นำ ใช้
wavs/257_trim.wav,สาน เค มี เข้า ซ่วย กาน ผะ ลิด กอ มี เพื่อ เฮ็ด ให้ พืด ผัก จะ เลีน เตีบ โต ไว
wavs/258_trim.wav,แต่ ว่า บาง คั้ง กอ ใช้ หลาย เกีน มาด ตะ ถาน กำ นด จึ่ง เป็น พิด ไพ ต่อ สิ่ง แวด ล้อม อ้อม ข้าง
wavs/259_trim.wav,สัด น้ำ ลวม ทัง เห็ด ป่า ที่ เคย เกิด ใน บอ ลิ เวน นั้น กออาด มี โดย ที่ เฮา บ่อ สา มาด ฮู้ ได้ เลย
wavs/260_trim.wav,และ ไล ยะ นี้ เห็ด กอ จะ เกิด หลาย แด่ ดั่ง นั้น ใน เมื่อ หาก ได้ เห็ด ป่า มา แล้ว ต้อง สัง เกด ให้ ดี ว่า มี ความ ปอด ไพ หลือ บ่อ ก่อน ที่ จะ นำ ไป ปุง แต่ง เป็น อา หาน
wavs/261_trim.wav,สำ ลับ ข้อ สัง เกด ว่า เห็ด มี พิด เห็ด เบื่อ ให้ สัง เกด ว่า ดอก เห็ด จะ มี เก็ด หลือ มี ตุ่ม ขน ดอก เห็ด เป็น สี น้ำ ตาน หลือ มี สี สัน สวย งาม
wavs/262_trim.wav,มี ขน หนาม น้อยๆ อยู่ ตาม บอ ลิ เวน ตีน เห็ด มี วง แหวน อยู่ ก้อง ดอก เห็ด เมื่อ ดอก แก่ มี กิ่น
wavs/263_trim.wav,ฮุน แฮง เห็ด ที่ เกิด อยู่ ตาม มูน สัด และ เกิด ตาม บอ ลิ เวน อยู่ ใก้ล สาน เค มี
wavs/264_trim.wav,ส่วน กาน ป้อง กัน นั้น ควน หลีก เว้น กาน เก็บ เห็ด ดอก ที่ ยัง อ่อน เพาะ จะ สัง เกด ยาก ว่า เม่น เห็ด เบื่อ หลือ บอ
wavs/265_trim.wav,ตาม เก่า มา หลัง ผู้ เถ้า ผู้ แก่ บอก ว่า ให้ ลอก ดอก เห็ด ตั้ง แต่ แคม ดอก ขื้น ฮอด จอม เห็ด บ่อ ถ้า ลอก บ่อ ฮอด สะ แดง ว่า เป็น เห็ด เบื่อ
wavs/266_trim.wav,อีก วิ ที หนึ่ง นำ เห็ด ที่ ได้ มา นั้น ต้ม ปน เข้า เหนียว หลือ เข้า จ้าว กอ ได้ จัก หน้อย หนึ่ง
wavs/267_trim.wav,ถ้า เป็น สี แดง บ่อ สา มาด กิน ได้ นอก จาก เห็ด น้ำ หมาก หลีก เว้น กาน เก็บ เห็ด ป่า หลือ เห็ด ที่ ลึ้ง เคย มา บอ ลิ โพก
wavs/268_trim.wav,ผู้ ที่ ฮ่าง กาย อ่อน เพีย หลือ มี พะ ยาด ปะ จำ ตัว ควน หลีก เลี่ยง กวด เบิ่ง หลือ ผ่า เห็ด ทุก ดอก ก่อน นำ เอา ไป ปุง แต่ง เป็น อา หาน
wavs/269_trim.wav,กาน เก็บ เห็ด โดย สะ เพาะ แม่น เห็ด ป่า มา บอ ลิ โพก หลือ ขาย ควน คำ นึง เถิง ความ ปอด ไพ ก่อน
wavs/270_trim.wav,เถิง แม่น ว่า บ่อน นั้น เห็ด เคย เกิด และ เคย เก็บ มา หลาย คั้ง กอ ตาม ให้ ละ มัด ละ วัง ที่ สุด เพาะ มัน เป็น อัน ตะ ลาย เถิง ซี วิด
wavs/271_trim.wav,ถ้า เห็ด เกิด อยู่ ใก้ล บอ ลิ เวน ที่ มี กาน นำ ใช้ สาน เค มี ตก ค้าง หลือ เห็ด เบื่อ มี สะ ติ ใน เว ลา นำ เอา เห็ด มา ปุง แต่ง อา หาน
wavs/272_trim.wav,เฮา ต้อง เบี่ง สะ ถาน ที่ เห็ด เกิด นำ อีก ถ้า เกิด อยู่ ใก้ล สะ ถาน ที่ ที่ นำ ใช้ สาน เค มี ญา ข้า หย้า ซึ่ง มี ความ เสี่ยง และ บ่อ ควน นำ เอา มา บอ ลิ โพก อย่าง เด็ด ขาด
wavs/273_trim.wav,เพื่อ ความ ปอด ไพ ของ ทุก คน แต่ ถ้า บอ ลิ โพก ลง ไป แล้ว มีอา กาน เมา วิน หัว ปวด ฮาก ถอก ท้อง ให้ ไป พบ แพด ที่ อยู่ ใก้ล โดย ด่วน
wavs/274_trim.wav,บ่อ ควน ถือ เบา ทัง นี้ ก่อ เพื่อ ความ ปอด ไพ ของ ตัว เฮา เอง และ คน ใน คอบ คัว
wavs/275_trim.wav,ทิว ทัด ซำ เหนือ ซ่าง งาม เหลือ เมือง แห่ง พู ดอย น้ำ หวย น้อย ไหล ลิน จาก จอม ดอย
wavs/276_trim.wav,คอย เห็น วิว ลิ่ว เลื่อน เสียง เพ็ง ปะ ติ วัด ที่ ขับ ฮ้อง โดย พู เวียง วาด ทะ วี สัก
wavs/277_trim.wav,ได้ บ่ง บอก เถิง เอ กะ ลัก ความ ฮั่ง มี อุ ดม สม บูน และ ความ สวย งาม ตาม ทำ มะ ซาด ของ เมือง ซำ เหนือ
wavs/278_trim.wav,ซึ่ง เป็น เมือง เทด สะ บาน ของ แขวง หัว พัน เป็น จุด ใจ กาง เป็น สูน ลวม ทาง เสด ถะ กิด วัด ทะ นะ ทำ ปะ หวัด สาด
wavs/279_trim.wav,แต่ ละ ไล ยะ มา โฮม ไว้ อยู่ หน่วย แก้ว หลัก เมือง ที่ เป็น สัน ยา ลัก ของ แขวง หัว พัน
wavs/280_trim.wav,โดย สะ เพาะ แม่น เมือง ซำ เหนือ พวม ได้ ฮับ กาน พัด ทะ นา อย่าง ต่อ เนื่อง ใน ปัด จุ บัน
wavs/281_trim.wav,ปี สอง พัน ซาว สอง ผ่าน มา เสด ถะ กิด ของ เมือง ซำ เหนือ ขะ หยาย ตัว ใน ละ ดับ สี่ จุด สิบ สาม เปอ เซ็น
wavs/282_trim.wav,ยอด ผะ ลิด พาย ใน หลือ จี ดี พี บัน ลุ ได้ หก ฮ้อย เก้า สิบ ตื้อ กีบ สะ เล่ีย ลาย ฮับ ใส่ หัว คน ผู้ หนึ่ง ได้ สิบ จุด หก ล้าน กีบ หลือ ปะ มาน หก ฮ้อย ห้า สิบ แปด โด ลา ต่อ ปี
wavs/283_trim.wav,ใน นั้น ขง เขด กะ สิ กำ กวม หลาย ก่วา ห้า สิบ เอ็ด เปอ เซ็น อุด สา หะ กำ และ หัด ถะ กำ กวม สาม สิบ สอง เปอ เซ็น
wavs/284_trim.wav,กาน ค้า และ กาน บอ ลิ กาน กวม สิบ หก เปอ เซ็น ของ ยอด ผะ ลิด ตะ พัน พาย ใน
wavs/285_trim.wav,ท่าน อา นุ ลัก แสง สุ ลิ ยา เจ้า เมืองๆ ซำ เหนือ แจ้ง ว่า กาน พัด ทะ นา เสด ถะ กิด สัง คม ของ เมือง ซำ เหนือ แม่น อีง ใส่ สี่ ท่า แฮง ต้น ตอ
wavs/286_trim.wav,ที่ มัน สอด ค่อง กับ สะ พาบ และ จุด พิ เสด ของ เมือง เฮ็ด ให้ มา ฮอด ปัด จุ บัน นี้ เสด ถะ กิด ของ เมือง ได้ พัด ทะ นา ดี ขื้น
wavs/287_trim.wav,ซี วิด ความ เป็น อยู่ ของ ปะ ซา ซน ได้ ยก ละ ดับ ดี ขื้น หลาย เทียบ ใส่ เมื่อ ก่อน
wavs/288_trim.wav,นี้ กอ ย้อน กาน นำ พา ที่ ถืก ต้อง และ ความ ตัด สิน ใจ อัน เด็ด เดี่ยว ของ ซาว เมือง ซำ เหนือ
wavs/289_trim.wav,ใน กาน หัน เปี่ยน แนว คิด จิน ตะ นา กาน ใหม่ สุม ใส่ พัด ทะ นา ท้อง ถิ่น ตน ให้ ฮั่ง มี เข้ม แขง
wavs/290_trim.wav,โดย อีง ใส่ สะ พาบ แวด ล้อม และ จุด พิ เสด ที่ มี อง กาน ปก คอง เมือง ซำ เหนือ ได้ กำ นด เอา สี่ ท่า แฮง ต้น ตอ ใน กาน พัด ทะ นา เสด ถะ กิด สัง คม ของ เมือง
wavs/291_trim.wav,ให้ ไป ตาม ท่า แฮง เหล่า นั้น อัน ทำ อิด แม่น กาน ปูก ฝัง และ เลี้ยง สัด ได้ เล่ง ใส่ กาน ปูก พืด เขด หนาว เป็น สำ คัน
wavs/292_trim.wav,พ้อม ทัง เลี้ยง สัด ที่ เหมาะ สม กับ สะ พาบ ดิน ฟ้า อา กาด จาก นั้น ถือ เอา เวียก งาน กาน ค้า แลก เปี่ยน สิน ค้า ตาม เขด ซาย แดน ละ หว่าง แขวง กับ แขวง
wavs/293_trim.wav,แขวง กับ ปะ เทด ใก้ล เคียง ให้ แขง แฮง และก ว้าง ขวาง อัน สาม มา แม่น เล่ง ใส่ เวียก งาน หัด ถะ กำ ต่ำ หูก ทอ ไหม หยิบ ปัก ถัก แส่ว
wavs/294_trim.wav,ที่ เปน มูน เซื่อ ของ ซาว แขวง หัว พัน ให้ แขง แฮง ยิ่งๆ ขึ้น และ อัน สุด ท้าย กอ แม่ ถือ เอา กาน ท่อง เที่ยว เป็น เวียก งาน สำ คัน ใน กาน พัด ทะ นา ให้ เข้ม แขง
wavs/295_trim.wav,ท่าน อา นุ ลัก แสง สุ ลิ ยา เจ้า เมือๆ ซำ เหนือ แจ้ง อีก ว่า อีง ใส่ จุด พิ เสด ของ เมือง ที่ มี บวก กับ มูน เซื้อ อัน ดุ หมั่น ของ ปะ ซา ซน บัน ดา เผ่า
wavs/296_trim.wav,ได้ มี กาน ปูก ฝัง เลี้ยง สัด อยู่ แต่ ละ เขด ของ เมือง มี ความ แตก ต่าง กัน เพาะ เมือง ซำ เหนือ ส่วน ใหย่ แม่น อา กาด หนาว เญ็น
wavs/297_trim.wav,กาน ปูก ฝัง เลี้ยง สัด ของ ปะ ซา ซน แต่ ละ เขด กอ แตก ต่าง กัน ไป สะ นั้น กาน กำ นด เขด ปูก ฝัง เขด เลี้ยง สัด อาด จะ เฮ็ด ไป ตาม ละ ดู กาน
wavs/298_trim.wav,ปูก ก่อ ปูก พืด ใน เขด หนาว กาน เลี้ยง ยิ่ง ได้ เพี่ม ความ เอา ใจ ใส่ บัว ละ บัด ฮัก สา สัด เลี้ยง เป็น อย่าง ดี ทัง สัด น้อย และ สัด ใหย่ ที่ มี พูม ต้าน ทาน เหมาะ สม กับ อา กาด เขด หนาว
wavs/299_trim.wav,เมือง ซำ เหนือ แขวง หัว พัน มี สิบ สาม กุ่ม บ้าน หนึ่ง ฮ้อย สิบ บ้าน มี เก้า พัน เก้า ฮ้อย เจ็ด สิบ เก้า คอบ คัว และ มี พน ละ เมือง ทัง หมด ห้า สิบ เก้า พัน ห้า ฮ้อย สี่ สิบ เจ็ด คน
wavs/300_trim.wav,และ มี คอบ คัว พ้น ทุก แล้ว สี่ พัน สี่ สิบ หก คอบ คัว กวม สี่ สีบ เปอ เซ็น ของ คอบ คัว ทัง หมด พาย ใน เมือง
wavs/301_trim.wav,และ ส่วน ที่ ยัง เหลือ นั้น อง กาน ปก คอง เมือง แขวง พวม สุม ใส่ ทุก วิ ที ทาง เข้า ใส่
wavs/302_trim.wav,เล่ง พัด ทะ นา ซี วิด ความ เป็น อยู่ ของ ปะ ซา ซน ให้ ฮั่ง มี เข้ม แขง ขื้น และ ก้าว ไป สู่ กาน หลุด พ้น ออก จาก ความ ทุก ยาก
wavs/303_trim.wav,กาน ขุด ค้น แฮ่ ทาด เป็น ขะ แหนง กาน สำ คัน ใน กาน ขับ เคื่อน กาน เตีบ ใหย่ ทาง ด้าน เสด ถะ กิด ของ ส ป ป ลาว
wavs/304_trim.wav,แต่ พ้อม นั้น ขะ แหนง กาน ดั่ง ก่าว ได้ ก่อ ให้ เกิด บัน หา สัง คม สิ่ง แวด ล้อม อย่าง หลวง หลาย
wavs/305_trim.wav,ย้อน กาน จัด ตั้ง ปะ ติ บัด สัน ยา ตาม ละ เบียบ กด หมาย ยัง บ่อ ทัน ได้ ดี
wavs/306_trim.wav,เกือบ สอง ทด สะ หวัด ที่ ผ่าน มา จน ฮอด ปัด จุ บัน พวก เฮา บ่อ สา มาด ปะ ติ เสด ได้ ว่า กาน ขุด ค้น แฮ่ ทาด ได้ ปะ กอบ ส่วน อย่าง สำ คัน เข้า ใน กาน เตีบ โต ทาง ด้าน เสด ถะ กิด สัง คม ของ ปะ เทด เฮา
wavs/307_trim.wav,ยก ตัว อย่าง สิน ค้า ส่ง ออก ของ ส ป ป ลาว ใน เดือน พึด สะ พา สอง พัน ซาว สาม ที่ ผ่าน มา แฮ่ ทาด กวม เอา เกือบ หก สิบ ของ มูน ค่า กาน ส่ง ออก ทัง หมด
wavs/308_trim.wav,เป็น ต้น คำ ปะ สม คำ แท่ง เกือ กา กี แฮ่ เหล็ก และ แฮ่ ทอง เป็น ต้น
wavs/309_trim.wav,และ แน่ นอน แฮ่ ทาด แม่น อง ปะ กอบ ต้น ตอ ของ กาน เตีบ โต ทาง ด้าน เสด ถะ กิด ใน ละ ดับ สี่ จุด แปด เปอ เซ็น ของ หก เดือน ต้น ปี นี้
wavs/310_trim.wav,เถิง อย่าง ใด กอ ตาม ขะ แหนง กาน ขุด ค้น แฮ่ ทาด ใน ไล ยะ ผ่าน มา และ ปัด จุ บัน แม่น กำ ลัง ส้าง บัน หา ทาง ด้าน สัง คม และ สิ่ง แวด ล้อม อย่าง หลวง หลาย
wavs/311_trim.wav,สิ่ง สำ คัน แม่น ลาย ฮับ จาก ขะ แหนง กาน ดั่ง ก่าว ยัง บ่อ สม คู่ กับ ซับ พะ ยา กอน ของ ซาด ที่ ถืก ขุด ค้น ไป
wavs/312_trim.wav,ย้อน ขาด ความ สัก สิด ของ ละ เบียบ กด หมาย ที่ คุ้ม คอง ขะ แหนง กาน ดั่ง ก่าว
wavs/313_trim.wav,ดั่ง ที่ ท่าน แดง ปะ ทุม ทอง สะ มา ซิก สะ พา แห่ง ซาด ปะ จำ เขด เลือก ตั้ง ที สิบ แปด แขวง ไซ สม บูน
wavs/314_trim.wav,ได้ มี คำ เห็น ต่อ กอง ปะ ซุม สะ ไหม สา มัน เทื่อ ที ห้า ของ สะ พา แห่ง ซาด ซุด ที เก้า ว่า
wavs/315_trim.wav,สำ ลับ กาน คุ้ม คอง ขุด ค้น แฮ่ ทาด ยัง มี กาน ขุด ค้น และ สำ หลวด ไป พ้อม กัน
wavs/316_trim.wav,หลาย บอ ลิ สัด ยัง บ่อ ทัน มี บด สึก สา ความ เป็น ไป ได้ ทาง ด้าน เสด ถะ กิด เต็ก นิก และ บด ปะ เมีน ผน ต่อ สิ่ง แวด ล้อม สัง คม และ ทำ มะ ซาด
wavs/317_trim.wav,บัน หา กาน กวด กา คุน นะ พาบ ความ เข้ม ขุ้น ของ แฮ่ แม่น ยัง บ่อ ทัน มี พะ นัก งาน ลัด เข้า ฮ่วม
wavs/318_trim.wav,มี แต่ ฝ่าย บอ ลิ สัด เซิ่ง ซิง ซั่ง น้ำ หนัก และ กาน ควบ คุม ซิง ซั่ง น้ำ หนัก แฮ่ ทาด แม่น บ่อ ทัน เป็น ของ ลัด จึ่ง เกิด บัน หา ตาม มา
wavs/319_trim.wav,ส่วน ลด บัน ทุก แฮ่ ยัง มี กาน บัน ทุก เกีน กำ นด ซึ่ง ได้ ส้าง ความ เสีย หาย ให้ แก่ เส้น ทาง มี ความ เป่ เพ ใน นั้น ปะ ลิ มาน กาน ส่ง ออก แฮ่ กอ ยัง บ่อ ทัน จะ แจ้ง เทื่อ
wavs/320_trim.wav,พ้อม นั้น มี บาง บอ ลิ สัด ขุด ค้น ออก ซื่อ คน ลาว แต่ ผู้ เฮ็ด ตัว จิง ซ้ำ พัด บ่อ แม่น คน ลาว
wavs/321_trim.wav,อาด จะ แม่น ฮุ้น ส่วน หลือ ว่า จ้าง ผู้ อื่น มา ขุด ค้น ต่อ บัน หา ดั่ง ก่าว เฮ็ด ให้ พวก เฮา สูน เสีย ลาย ฮับ
wavs/322_trim.wav,และ กาน ส้าง แลว ทาง ไป หา เขด ขุด ค้น และ บอ ลิ เวน ขุด ค้น ยัง พา ให้ เกิด มี ผน เสีย หาย ต่อ ป่า ไม้ และ มี ผน กะ ทบ ต่อ ดิน นา ดิน สวน ต่อ สาย น้ำ และ อื่นๆ
wavs/323_trim.wav,พ้อม นั้น ท่าน สม มาด พน เส นา ฮอง ปะ ทาน สะ พา แห่ง ซาด กอ ได้ ตาง หน้า คะ นะ ปะ จำ สะ พา แห่ง ซาด
wavs/324_trim.wav,ปะ กอบ คำ คิด คำ เห็น ต่อ บด ลาย งาน ของ ลัด ถะ บาน เกี่ยว กับ กาน จัด ตั้ง ปะ ติ บัด แผน พัด ทะ นา เสด ถะ กิด สัง คม แห่ง ซาด
wavs/325_trim.wav,ใน กอง ปะ ซุม สะ ไหม สา มัน เทื่อ ที ห้า ของ สะ พา แห่ง ซาด ซุด ที เก้า ใน วัน ที ซาว หก มิ ถุ นา สอง พัน ซาว สาม
wavs/326_trim.wav,โดย สะ เพาะ หนึ่ง ใน แผน เวียก จุด สุม หก เดือน ท้าย ปี สอง พัน ซาว สาม คะ นะ ปะ จำ สะ พา แห่ง ซาด
wavs/327_trim.wav,ได้ เน้น ให้ ลัด ถะ บาน สุม ใส่ แก้ ไข บัน หา กาน ขุด ค้น แฮ่ ทาด ที่ บ่อ ปะ ติ บัด ตาม สัน ยา ละ เบียบ กด หมาย ของ ส ป ป ลาว
wavs/328_trim.wav,โดย ท่าน ก่าว ว่า ลัด ถะ บาน ควน แก้ ไข บัน หา เค่ง ฮ้อน ทาง ด้าน สิ่ง แวด ล้อม เป็น ต้น บัน หา กาน ขุด ค้น แฮ่ ทาด ที่ บ่อ เป็น ไป ตาม กด หมาย
wavs/329_trim.wav,กาน บุก ลุก ที่ ดิน ลัด ปะ ซา ซน กาน ทำ ลาย ป่า ไม้ และ แหล่ง น้ำ
wavs/330_trim.wav,ท่าน สอน ไซ สี พัน ดอน นา ยก ลัด ถะ มน ตี ได้ ลาย งาน ต่อ กอง ปะ ซุม สะ ไหม สา มัน เทื่อ ที ห้า ของ สะ พา แห่ง ซาด ซุด ที เก้า ใน วัน ที ซาว หก มิ ถุ นา สอง พัน ซาว สาม ว่า
wavs/331_trim.wav,ใน หก เดือน ท้าย ปี สอง พัน ซาว สาม ลัด ถะ บาน จะ สุม ใส่ บาง เวียก งาน จุด สุม ใน นั้น ท่าน ได้ ก่าว เถิง เวียก งาน ขุด ค้น แฮ่ ทาด ว่า
wavs/332_trim.wav,สืบ ต่อ ซุก ยู้ ติด ตาม กาน จัด ตั้ง ปะ ติ บัด โคง กาน บ่อ แฮ่ ที่ ได้ ฮับ อะ นุ มัด แล้ว ให้ ดำ เนีน ตาม สัน ยา เพื่อ ให้ สา มาด ส้าง ลาย ฮับ ให้ ลัด ให้ ไว ขึ้น
wavs/333_trim.wav,เคียง คู่ กัน นั้น กอ เล่ง กวด กา และ ปะ เมีน คืน อย่าง เป็น ละ บบ กอ ละ นี โคง กาน ใด บ่อ มี ความ คืบ หน้า หลือ มี ความ คืบ หน้า ซ้า
wavs/334_trim.wav,หลือ ละ เมีด สัน ยา และ กด หมาย เกี่ยว ข้อง แม่น จะ ได้ ก้าว ไป สู่ กาน ยก เลีก อย่าง เด็ด ขาด
wavs/335_trim.wav,ท่าน ก่าว ตื่อ ว่า สำ ลับ โคง กาน ทด ลอง แม่น จะ ได้ สืบ ต่อ โจะ กาน อะ นุ มัด ใหม่ เพื่อ กวด กา ปะ เมีน ผน ผน เสีย ตัว จิง
wavs/336_trim.wav,เพื่อ กำ นด แจ้ง เป็น แต่ ละ โคง กาน ว่า โคง กาน ใด จะ โจะ ถอน โคง กาน คืน กวด กา ไล่ เลียง ผน ผะ ลิด และ พัน ทะ ล่วง หน้า
wavs/337_trim.wav,กาน แก้ ไข บัน หา ผน กะ ทบ ต่อ สิ่ง แวด ล้อม และ สัง คม
wavs/338_trim.wav,และ ท่าน นา ยก กอ ได้ เน้น ญ้ำ ว่า สำ ลับ โคง กาน จะ สืบ ต่อ ที่ เห็น ว่า มี ปะ ลิ มาน แฮ่ เพียง พอ กับ กาน ลง ทึน ต่อ ไป แม่น หัน ไป สู่ กาน ปะ ติ บัด ตาม กด หมาย และ ละ เบียบ กาน
wavs/339_trim.wav,แต่ ต้อง ฮับ ปะ กัน ผน ปะ โหยด ของ ลัด เป็น ที่ ตั้ง สำ คัน ปะ ติ บัด พัน ทะ ตาม อัด ตา เก่า ที่ เฮ็ด ทด ลอง หลือ เจ ละ จา ด้วย เหตุ ผน กน ไก ลา คา ตะ หลาด โลก
wavs/340_trim.wav,และ ฮับ ปะ กัน บ่อ ให้ มี ผน กะ ทบ ต่อ สิ่ง แวด ล้อม และ สัง คม พ้อม กัน นั้น ลัด ถะ บาน จะ ได้ เซีน บัน ดา บอ ลิ สัด ที่ ได้ ฮับ สำ ปะ ทาน ใน แบบ ปก กะ ติ
wavs/341_trim.wav,มา เจ ละ จา เพื่อ ให้ ยก พัน ทะ ขึ้น ให้ คือ กัน หลือ ใก้ล เคียง กับ โคง กาน ที่ เฮ็ด ทด ลอง
wavs/342_trim.wav,กาน พัด ทะ นา แฮ่ ทาด ใน ต่อ หน้า ต้อง ได้ หัน ไป สู่ กาน ปุง แต่ง เป็น ผะ ลิด ตะ พัน สำ เล็ด ฮูบ หลือ เคิ่ง สำ เล็ด ฮูบ
wavs/343_trim.wav,เพื่อ ทด แทน กาน นำ เข้า ซม ใช้ พาย ใน และ กาน ส่ง ออก เพื่อ นำ เงิน ตา ต่าง ปะ เทด เข้า มา ให้ หลาย กว่า เก่า
wavs/344_trim.wav,กาน สะ แดง ให้ เห็น วิ ไส ทัด ดั่ง ก่าว ของ ลัด ถะ บาน ใน กาน แก้ ไข บัน หา ละ ดับ ซาด กอ ว่า ได้ นี้ สำ คัน และ หน้า ซม เซย ยิ่ง
wavs/345_trim.wav,แต่ ปะ ซา ซน ลาว ยิ่ง มี ความ พูม ใจ หาก เฮ็ด ได้ คือ ดั่ง ว่า มา นั้น
wavs/346_trim.wav,ใน ที่ สุด ผัก ตบ ที่ กีด ขวาง ทาง ไหล ของ น้ำ อยู่ ฮ่อง แซง ซึ่ง เป็น ฮ่อง ละ บาย น้ำ ขะ หนาด ใหย่
wavs/347_trim.wav,เพื่อ ละ บาย น้ำ เปื้อน จาก คัว เฮือน ออก จาก สอง เมือง คือ เมือง สี โคด ตะ บอง เมือง จัน ทะ บู ลี และ เมือง ไซ เสด ถา นะ คอน หลวง เวียง จัน
wavs/348_trim.wav,บาง จุด โดย สะ เพาะ อยู่ จุด บ้าน ฮ่อง ไก่ แก้ว เมือง จัน ทะ บู ลี กอ ถืก อะ นา ไม ฮื้อ ถอน จาก หน่วย งาน ที่ เกี่ยว ข้อง ของ เมือง แล้ว
wavs/349_trim.wav,พาย หลัง ที่ จะ เลีน เตีบ โต เบ่ง บาน กีด ขวาง กาน ไหล ของ น้ำ มา เป็น เว ลา ดน นาน
wavs/350_trim.wav,วัน ที สาม สิบ มิ ถุ นา สอง พัน ซาว สาม ผ่าน มา หน่วย งาน ที่ เกี่ยว ข้อง ของ เมือง จัน ทะ บู ลี ได้ นำ เอา ลด จก คัน ใหย่ ไป จก
wavs/351_trim.wav,ไป ทาว เอา ผัก ตบ อยู่ จุด ขัว ฮ่อง แซง ขอบ เขด บ้าน ฮ่อง ไก่ แก้ว ขึ้น ไว้ ตาม บอ ลิ เวน แคม ฮ่อง ละ บาย น้ำ แล้ว
wavs/352_trim.wav,นี้ ถือ ว่า เป็น กาน เลี่ม ต้น อัน ดี ที่ ยัง เห็น เถิง ความ สำ คัน ของ สะ พาบ สิ่ง แวด ล้อม แล้ว ลง มือ ปะ กอบ ส่วน เฮ็ด ให้ บ้าน เมือง สะ อาด งาม ตา
wavs/353_trim.wav,เฮ็ด ให้ น้ำ ไหล สะ ดวก หลุด ผ่อน น้ำ ถ้วม ขัง ใน ตัว เมือง ใน ละ ดู ฝน และ ยัง เป็น ตัว แบบ ที่ ดี ให้ พาก ส่วน อื่น นำ อีก
wavs/354_trim.wav,แต่ สิ่ง หนึ่ง ซึ่ง พาก ส่วน เกี่ยว ข้อง อาด ลืม คำ นึง เถิง หลือ บ่อ กอ บ่อ สา มาด ฮู้ ได้
wavs/355_trim.wav,คือ เว ลา ก่อน จะ ไป จก ไป ทาว เอา ผัก ตบ ออก นั้น ได้ เกียม พ้อม ทุก อย่าง หลือ ยัง เซ่น กำ ลัง แฮง งาน ที่ ซ่วย เวียก อะ นา ไม
wavs/356_trim.wav,เกียม ทัง ลด ที่ จะ ขน เอา ไป ถิ้ม ไป เมี้ยน อยู่ ใส จุด ใด จึ่ง จะ บ่อ ส้าง ความ เปื้อน เปอะ ฮก เฮื้อ
wavs/357_trim.wav,หลือ จะ ปะ ป่อย ไว้ ตาม แคม ฮ่อง ละ บาย น้ำ นั้น เลย เพื่อ ลอ ถ้า ให้ ปะ ซา ซน ไป ขน เอา มา เป็น อา หาน ให้ สัด เลี้ยง
wavs/358_trim.wav,ที่ สำ คัน ไป กว่า นั้น ควน ได้ ปะ สาน สม ทบ กับ อำ นาด กาน ปก คอง บุก คน นิ ติ บุก คน ที่อา ไส อยู่ เขด เลียบ คอง คัก แน่ ก่อน ลง มือ เฮ็ด
wavs/359_trim.wav,หลีก เว้น ผน เสีย หาย ที่ กะ ทบ เถิง ซับ สิน ของ ปะ ซา ซน เซ่น ถนน  เข้า เฮือน ต้น ไม้ กิน หมาก และ อื่นๆ ของ เขา เจ้า เพื่อ บ่อ ให้ เกิด มี บัน หา ตาม มา พาย หลัง
wavs/360_trim.wav,ผ่าน มา กอ คือ ปัด จุ บัน นี้ มี ผัก ตบ แพ่ หลาย ตาม ฮ่อง แซง เฮ็ด ให้ น้ำ ไหล บ่อ สะ ดวก เซิ่ง ปะ ซา ซน มี กัง วน ว่า เว ลา ฝน ตก แฮง อาด จะ เฮ็ด ให้ น้ำ ละ บาย ซ้า
wavs/361_trim.wav,อาด เกิด น้ำ ถ้วม ขัง เป็น บอ ลิ เวน กว้าง และ กาย เป็น บัน หา ส้าง ความ เสีย หาย แก่ ส่วน อื่นๆ ได้
wavs/362_trim.wav,ดั่ง นั้น มัน เฮียก ฮ้อง เถิง ทุก พาก ส่วน โดย สะ เพาะ แม่น หน่วย งาน ที่ เกี่ยว ข้อง ซ่วย ลง กวด กา และ แก้ ไข ตาม ความ เหมาะ สม
wavs/363_trim.wav,เหมือน ดั่ง อยู่ จุด ขัว ฮ่อง แซง เขด บ้าน ฮ่อง ไก่ แก้ว เมือง จัน ทะ บู ลี แด่ ท้อน
wavs/364_trim.wav,บัน หา ที่ ฟด เดือด ซึ่ง สัง คม มี ความ สน ใจ ที่ สุด ใน เว ลา นี้ กอ แม่น เลื่อง เสด ถะ กิด
wavs/365_trim.wav,นอก จาก บัน หา อัด ตา เงิน เฟี้ สิน ค้า ขึ้น ลา คา ที่ ส่ง ผน กะ ทบ แฮง ต่อ กาน ดำ ลง ซี วิด ของ ปะ ซา ซน คน ทั่ว ไป
wavs/366_trim.wav,โดย สะ เพาะ ต่อ ผู้ มี ลาย ฮับ หน้อย แล้ว กอ คง จะ แม่น เลื่อง กาน อะ นุ ยาด ให้ นัก ลง ทึน เข้า มา ทด ลอง ขุด ค้น แฮ่ ทาด ต่างๆ และ กาน ขุด ค้น แฮ่ หา ยาก
wavs/367_trim.wav,ที่ สะ มา ซิก สะ พา แห่ง ซาด ยก เป็น คำ ถาม มา เจาะ จี้ม ต่อ สะ มา ซิก คะ นะ ลัด ถะ บาน อยู่ ใน กอง ปะ ซุม สะ ไหม สา มัน เทื่อ ที ห้า ของ สะ พา แห่ง ซาด ซุด ที่ เก้า ที่ กำ ลัง ดำ เนีน อยู่ นี้
wavs/368_trim.wav,กาน ทด ลอง ขุด ค้น แฮ่ ทาด เป็น นะ โย บาย หนึ่ง ที่ สำ คัน ใน กาน พัด ทะ นา เสด ถะ กิด ผ่าน กาน ปะ ติ บัด ตัว จิง สอง ปี ผ่าน มา
wavs/369_trim.wav,ได้ ส่ง ผน กะ ทบ โดย กง และ ทาง อ้อม ต่อ กาน ดำ ลง ซิ วิด ของ ปะ ซา ซา ซน อย่าง หลีก เลี้ยง บ่อ ได้
wavs/370_trim.wav,เป็น ต้น แม่น เส้น ทาง คม มะ นา คม เป่ เพ ป่า ไม้ ถืก ทำ ลาย ส้าง มน ละ พิด ต่อ สิ่ง แวด ล้อม
wavs/371_trim.wav,ซึ่ง ปะ ซา ซน หลาย ท้อง ถิ่น มี ความ เห็น ใน กาน ทด ลอง เฮ็ด แฮ่ ทาด
wavs/372_trim.wav,เป็น ต้น บัน ดา ข้อ เสนอ ของ ผู้ แทน กอง ปะ ซุม จาก หลาย เขด เลือก ตั้ง
wavs/373_trim.wav,กอ ญาก ให้ มี กาน สะ หลุบ ตี ลา คา คืน บด เฮียน ใน กาน เฮ็ด ทด ลอง นี้ ได้ หยัง แด่ สิ่ง ท้า ทาย มี หยัง แด่ ขอด จำ กัด มี แนว ใด แด่
wavs/374_trim.wav,ตาม จิด ใจ กอง ปะ ซุม มี ข้อ เสนอ ว่า บ่อ ญาก ให้ สืบ ต่อ โคง กาน เฮ็ด กาน ทด ลอง ขุด ค้น แฮ่ ทาด นี้ เพาะ มัน เป็น ซับ สิน บ่อ สา มาด ทด ลอง ได้ หมด ก่อ หมด ไป เลย บ่อ สา มาด เก็บ คืน ได้
wavs/375_trim.wav,ท่าน ไซ สม พอน พรม วิ หาน ปะ ทาน สะ พา แห่ง ซาด เสนอ ว่า กาน เฮ็ด ทด ลอง ก่อ ให้ มี เว ลา และ ขอบ เขด จำ กัด คัก แน่ ควน ฮัก สา แฮ่ ทาด ที่ มี คุน ค่า หา ยาก มี ลา คา สูง
wavs/376_trim.wav,ควน กำ นด เขด ฮัก สา ไว้ ใน อา นา คด ให้ ลูก ลาว หลาน ลาว ใน ลุ่น ต่อ ไป ได้ นำ ใช้ เพื่อ ปะ โหยด อัน ยาว นาน ของ ทัง หมด ปะ เทด
wavs/377_trim.wav,ซึ่ง แม่น ความ เป็น ห่วง เป็น ใย ลวม ของ กอง ปะ ซุม กาน คุ้ม คอง ปะ ลิ มาน และ คุน นะ พาบ ของ แฮ่
wavs/378_trim.wav,กอ ญาก ให้ เบิ่ง คืน ใหม่ เบิ่ง เถิง ผน ปะ โหยด ตัว จิง ที่ ลัด เฮา ได้ มี หน้อย หลาย ส่ำ ใด นี้ กอ ญาก ให้ เบิ่ง คืน
wavs/379_trim.wav,นอก จาก กาน ขุด ค้น แฮ่ ทาด แล้ว ต้อง ติด พัน อย่าง แหน้น แฟ้น ใน กาน ฮับ ปะ กัน บัน หา สิ่ง แวด ล้อม บัน หา สัง คม
wavs/380_trim.wav,ซึ่ง อัน นี้ พ่อ แม่ ปะ ซา ซน ที่ ถืก ผน กะ ทบ เขา เจ้า เสนอ หลาย เป็น ต้น สาย น้ำ บ่อน ทำ มา หา กิน กะ ทบ หลาย บ่อน
wavs/381_trim.wav,ส้าง ความ เดือด ฮ้อน เถิง พ่อ แม่ ปะ ซา ซน บาง เขด นี้ กอ ขอ ให้ เบิ่ง คืน ใหม่ ให้ ตั้ง หน้า เอา ใจ ใส่ แก้ ไข
wavs/382_trim.wav,โดย สะ เพาะ บัน ดา กะ ซวง เกี่ยว ข้อง จำ นวน หนึ่ง ที่ ฮับ ผิด ซอบ โดย กง กับ บัน หา กาน ทับ ซ้อน เขด ขุด ค้น หั้น
wavs/383_trim.wav,ก่อ ย้อน กาน ปะ สาน สม ทบ กัน บ่อ แหน้น แฟ้น นับ ทัง กาน นำ เอา พะ นัก งาน ลง ปะ จำ กาน ตาม พื้น ที่ ต่างๆ
wavs/384_trim.wav,กอ ยัง บ่อ ทัน มี กาน ติด ตาม ซุก ยู้ กวด กา เขา เจ้า อย่าง เป็น ปะ จำ เฮ็ด ให้ มี บัน หา จำ นวน หนึ่ง เกิด ขึ้น ใน พื้น ที่ ดั่ง ก่าว
wavs/385_trim.wav,ใน ตอน ท้าย วา ละ ท่าน ปะ ทาน สะ พา ก่าว เน้น ตื่ม ว่า ควน ญุด เซา กาน ขุด ค้น แฮ่ ทด ลอง แฮ่ หา ยาก
wavs/386_trim.wav,เพาะ แฮ่ ทาด มัน เป็น ซับ สิน บ่อ สา มาด ทด ลอง ได้ หมด กอ หมด ไป เลย บ่อ สา มาด เก็บ คืน ได้
wavs/387_trim.wav,ปัด จุ บัน กะ มี หลาย บอ ลิ สัด ใด คัน ว่า จำ กัด ได้ ตื่ม กะ ดี และ บ่อ ควน ขะ หยาย อีก
wavs/388_trim.wav,จ่ง แฮ่ นี้ ไว้ ให้ ลูก หลาน เฮา ได้ ใช้ ต่อ ไป แด่ เฮา ซิ เอา หมด บาด เดียว กะ ยาก ดั่ง นั้น จึ่ง เสนอ ให้ ลัด ถะ บาน ค้น คว้า เบิ่ง
wavs/389_trim.wav,เถิง อย่าง ใด กอ ตาม พาก กาน ปะ ติ บัด ตัว จิง ถือ ว่า ยัง บ่อ ได้ มะ ติ ออก มา อย่าง ซัด เจน
wavs/390_trim.wav,เซิ่ง ต้อง ลอ ตื่ม ใน ท้าย วา ละ ของ กอง ปะ ซุม สะ พา
wavs/391_trim.wav,ซึ่ง ทัง หมด นี้ เป็น สิ่ง ท้า ทาย อัน ใหย่ หลวง ของ กะ ซวง ทะ บวง กม ที่ เกี่ยว ข้อง โดย สะ เพาะ กะ ซวง พะ ลัง งาน บ่อ แฮ่ และ อื่นๆ จะ แก้ ไข แนว ใด ให้ ลุ ล่วง ไป ด้วย ดี ใน ต่อ หน้า
wavs/392_trim.wav,ทุก อา ซีบ ที่ เว้า มา นี้ กอ ล้วน แล้ว แต่ แม่น อา ซีบ ที่ ดี มี เกียด สะ หง่า และ บอ ลิ สุด
wavs/393_trim.wav,โดย ที่ บ่อ ได้ ไป ส้อ โกง ใผ ผู้ ใด เลย แต่ กอ ควน เบิ่ง คือ ใน เว ลา ลำ เลียง ขน ส่ง สิน ค้า โดย สะ เพาะ ปะ เพด กวด น้ำ ดื่ม ป ลาส ติก
wavs/394_trim.wav,กาน แก่ เสด เหล็ก ไป ส่ง จุด จำ หน่าย หลือ เอา ไป ไว้ เฮือน ของ ตน เอง ต้อง มี ความ ฮับ ผิด ซอบ ต่อ สัง คม ขึ้น ตื่ม อีก
wavs/395_trim.wav,ด้วย กาน ที่ บัน ทุก เกีน ขอด เขด ส้าง ความ เดือด ฮ้อน ต่อ สัง คม เว ลา ใช้ ลด ลาง พา หะ นะ ไป ตาม ท้อง ถนน  ทัง เสี่ยง ต่อ กาน เกิด อุ บัด เหตุ ตื่ม อีก
wavs/396_trim.wav,ซึ่ง ผ่าน มา ปา กด เห็น หลาย ใน นะ คอน หลวง เวียง จัน และ ตาม ตัว เมือง ใหย่
wavs/397_trim.wav,สัง คม ลาว เข้า ใจ เลื่อง กาน พะ ยา ยาม ปะ กอบ อา ซีบ ใน ด้าน ต่างๆ หา เลี้ยง กุ้ม ตน เอง ตาม ความ สา มาด และ ท่า แฮง ที่ ตน มี ด้วย ความ ซื่อ สัด สุ จะ ลิด
wavs/398_trim.wav,แต่ ต้อง เฮ็ด ให้ ถืก ต้อง ตาม ละ เบียบ กด หมาย บ้าน เมือง เซิ่ง ผู้ ฮับ ซื้อ และ ขน ส่ง ของ เก่า ปะ เพด กวด น้ำ ป ลาส ติก แกัด เจ้ีย และ เหล็ก เสด ใน ลัก สะ นะ ดั่ง ก่าว นี้
wavs/399_trim.wav,อาด เข้า ใจ ว่า มัน เบา บ่อ กะ ทบ ต่อ บุก คน อื่น แต่ ญ่า ลืม ว่า ถ้า หาก มัน โลด โผน เกีน ไป ก่อ เบิ่ง บ่อ เป็น ละ เบียบ
wavs/400_trim.wav,บุก คน อื่น เห็น มี ความ ญ้าน กัว และ ญ้าน เถิง ความ บ่อ ปอด ไพ
wavs/401_trim.wav,ต้อง ทำ ความ เข้า ใจ ว่า เส้น ทาง คม มะ นา คม แม่น ซับ สม บัด ส่วน ลวม ของ ซาด
wavs/402_trim.wav,ทุก คน มี หน้า ที่ ปก ปัก ฮัก สา ทะ นุ บำ ลุง ส้อม แปง ให้ นำ ใช้ ได้ ยาว นาน
wavs/404_trim.wav,และ ทุก คน มี สิด ซม ใช้ ฮ่วม กัน แต่ กาน ซม ใช้ กอ บ่อ ควน เห็น แก่ ตัว ใช้ ด้วย ความ ฮับ ผิด ซอบ ซ่วย กัน
wavs/405_trim.wav,โดย ที่ บ่อ ส้าง ความ เดือด ฮ้อน ให้ คน จำ นวน หลาย ผ่าน มา มัก เห็น ว่า ลด ที่ ขน ส่ง สิน ค้า เหล่า นั้น มัก ต่อ เตีม เสริม แต่ง โต ถัง ของ ลด ให้ สูง ขึ้น
wavs/406_trim.wav,เฮ็ด ให้ บัน ทุก ได้ หลาย เกีน กำ นด ที่ มี โดย สะ เพาะ แม่น ความ สูง ส้าง ความ กีด ขวาง กาน สัน จอน ไป มา บ่อ สา มาด เบิ่ง เห็น ไก ได้
wavs/407_trim.wav,เซิ่ง เสี่ยง ต่อ กาน เกิด อุ บัด เหตุ ได้ ง่าย ทัง เพิ่น ทัง โต ดั่ง นั้น ควน คำ นึง เถิง ความ ปอด ไพ ไว้ ก่อน
wavs/408_trim.wav,มา ละ ยาด ของ นัก ขับ ขี่ ที่ ดี จะ บ่อ ส้าง ความ เดือด ฮ้อน ให้ ผู้ อื่น
wavs/409_trim.wav,นอก จาก นี้ ฝาก เถิง พาก ส่วน เกี่ยว ข้อง กวด กา เข้ม งวด เลื่อง มาด ตะ ถาน กาน บัน จุ เคื่อง ของ ใน ลด ขน ส่ง สิน ค้า
wavs/410_trim.wav,น้ำ หนัก กับ ขะ หนาด ของ ลด ให้ พอ ด้าม พอ ดี หาก พบ เห็น กาน ละ เมีด กอ ต้อง มี กาน สึก สา อบ ฮม และ ปับ ใหม ใส่ ละ เบียบ กัน คัก แน่
wavs/411_trim.wav,เพื่อ เป็น แบบ อย่าง และ เป็น ละ เบียบ ของ สัง คม
wavs/412_trim.wav,กอง ปะ ซุม สะ ไหม สา มัน เทื่อ ที ห้า ของ สะ พา แห่ง ซาด ซุด ที เก้า ได้ ไข ขึ้น อย่าง เป็น ทาง กาน มา แต่ วัน ที ซาว หก มิ ถุ นา สอง พัน ซาว สาม ที่ ผ่าน มา
wavs/413_trim.wav,โดย กาน เป็น ปะ ทาน ของ ท่าน ไซ สม พอน พรม วิ หาน ปะ ทาน สะ พา แห่ง ซาด
wavs/414_trim.wav,พ้อม บัน ดา กาน นำ พัก ลัด และ บัน ดา สะ มา ซิก สะ พา แห่ง ซาด ปะ จำ เขด เลือก ตั้ง ใน ทั่ว ปะ เทด เข้า ฮ่วม
wavs/415_trim.wav,และ จะ ดำ เนีน ไป ฮอด วัน ที สิบ แปด กอ ละ กด สอง พัน ซาว สาม จึ่ง จะ ได้ เสี้ยง สุด ลง
wavs/416_trim.wav,ใน วา ละ กอง ปะ ซุม คั้ง นี้ นอก จาก ฟัง บด ลาย งาน เวียก งาน อัน พ้น เด่น หก เดือน ต้น ปี ของ ลัด ถะ บาน
wavs/417_trim.wav,แผน งบ ปะ มาน แห่ง ลัด แผน เงิน ตา ติด พัน กับ สอง วา ละ แห่ง ซาด จาก ท่าน นา ยก ลัก ถะ มน ตี สอน ไซ สี พัน ดอน แล้ว
wavs/418_trim.wav,ยัง มี บัน ดา ท่าน ลัด ถะ มน ตี แต่ ละ กะ ซวง เกี่ยว ข้อง ขึ้น ลาย งาน ผน งาน หก เดือน ต้น ปี ของ ตน
wavs/419_trim.wav,ทัง ได้ ตอบ คำ ซัก ถาม และ ข้อ ข้อง ใจ ของ ผู้ แทน สะ พา ที่ มี ต่อ ลัด ถะ บาน ต่อ เวียก งาน ใน แต่ ละ ขง เขด
wavs/420_trim.wav,โดย สะ เพาะ อัน ที่ พ้น เด่น ที่ สุด กอ แม่น ใน ขง เขด เสด ถะ กิด กาน เงิน ที่ ปะ เทด เฮา พวม ผะ เซีน อย่าง หนัก หน่วง ใน ปัด จุ บัน
wavs/421_trim.wav,เพาะ สะ นั้น ถือ ได้ ว่า ใน กอง ปะ ซุม คั้ง นี เม็น เป็น บั้น ที่ สำ คัน ที่ สุด เพื่อ บัน ลุ เป้า หมาย สู่ ทาง ออก จาก บัน หา วิ กิด ต่างๆ ของ ซาด
wavs/422_trim.wav,และ ยิ่ง ไป กว่า นั้น ถ้า บ่อ มี กาน เล่ง ลัด ใน กาน แก้ ไข กอ ยิ่ง จะ เฮ็ด ให้ บัน หา วิ กิด ต่างๆ กาย เป็น ซำ เฮื้อ เหมือน ดั่ง ญา เสบ ติด และ กาน ส้อ ลาด บัง หลวง นั้น แล
wavs/423_trim.wav,อย่าง ใด กอ ดี ตาม ทิด ก่ำ ว่า บัน หา วิ กิด ต่างๆ ที่ ลัด ถะ บาน ต้อง เล่ง แก้ ไข ใน ปัด จุ บัน ใน สะ เพาะ หน้า และ ยาว นาน นั้น
wavs/424_trim.wav,มัน มี หลาย ขง เขด หลาย หน้า เวียก เป็น ต้น อัน ที่ เล่ง ด่วน กอ คือ ต้อง แก้ บัน หา เงิน เฟี้ กาน คุ้ม คอง เงิน ตา ให้ ไป ตาม กด หมาย อย่าง เข้ม งวด และ เด็ด ขาด
wavs/425_trim.wav,กาน คุ้ม คอง แฮง งาน ที่ หลั่ง ไหล ไป เฮ็ด เวียก อยู่ ปะ เทด ไท บัน หา กาน ขุด ค้น แฮ่ ที่ ฝืน กับ ความ ยืน ยง และ ผน ปะ โหยด อัน สูง สุด ของ ซาด
wavs/426_trim.wav,บัน หา กาน ส้อ ลาด บัง หลวง ที่ ยัง มี ลัก สะ นะ ซำ เฮื้อ บัน หา ญา เสบ ติด ที่ ยัง แพ่ ลาม แบบ บ่อ ญุด ญ่อน
wavs/427_trim.wav,บัน หา กาน ฮั่ว ไหล ของ งบ ปะ มาน ที่ ยัง อัด บ่อ อยู่ กาน เก็บ ลาย ฮับ เข้า งบ ปะ มาน นับ ทัง กาน ส่ง เสริม กาน ผะ ลิด ให้ กุ้ม ตน เอง และ เพื่อ ส่ง ออก
wavs/428_trim.wav,และ บัน หา อื่นๆ ที่ ยัง ติด พัน กับ ซา ตา กำ ของ ซาด
wavs/429_trim.wav,เพาะ สะ นั้น กอง ปะ ซุม สะ ไหม สา มัน เทื่อ ที ห้า ของ สะ พา แห่ง ซาด ซุด ที เก้า จึ่ง เป็น กอง ปะ ซุม ที่ มี ความ หมาย สำ คัน หลาย
wavs/430_trim.wav,และ เป็น บาด ก้าว เดีน หนึ่ง ที่ กำ นด มาด ตะ กาน วิ ที กาน ที่ ถืก ทิด เข้า แก้ ไข บัน หา วิ กิด ของ ซาด บ้าน เมือง
wavs/431_trim.wav,ให้ สอด ค่อง กับ ความ เป็น จิง ของ ปะ เทด ที่ กำ ลัง ปะ เซีน อยู่ ทัง สอด ค่อง กับ ความ มุ่ง มาด ปาด ถะ หนา ของ พน ละ เมือง ลาว บัน ดา เผ่า
wavs/432_trim.wav,ที่ ญาก เห็น บัน หา วิ กิด ของ ซาด บ้าน เมือง ได้ ฮับ กาน แก้ ไข อย่าง แท้ จิง
wavs/433_trim.wav,วา ละ ดำ เนีน กอง ปะ ซุม สะ ไหม สา มัน เทื่อ ที ห้า ของ สะ พา แห่ง ซาด ซุด ที เก้า วัน ที สาม กอ ละ กด สอง พัน ซาว สาม
wavs/434_trim.wav,ท่าน สอน ไซ สี พัน ดอน นา ยก ลัด ถะ มน ตี ใน นาม หัว หน้า ลัด ถะ บาน ได้ ซี้ แจง ตอบ คำ ซัก ถาม เจาะ จี้ม ของ สะ มา ซิก สะ พา แห่ง ซาด
wavs/435_trim.wav,ที่ ได้ ปะ กอบ ความ เห็น ต่อ กาน ปะ ติ บัด หน้า ที่ ของ ขะ แหนง กาน ต่างๆ ทัง อยู่ สูน กาง และ ท้อง ถิ่น
wavs/436_trim.wav,ต้น ตอ แม่น คำ ถาม เจาะ จี้ม ที่ พัว พัน เถิง บัน หา เสด ถะ กิด ที่ ติด พัน และ กะ ทบ ไว ต่อ ซี วิด ความ เป็น อยู่ ของ ปะ ซา ซน โดย สะ เพาะ ผู้ มี ลาย ฮับ หน้อย
wavs/437_trim.wav,ต่อ คำ ถาม ที่ ว่า ใน ปัด จุ บัน ลัด ถะ บาน จะ มี กน ไก วิ ที กาน และ มาด ตะ กาน ฮีบ ด่วน ใน กาน ต้าน สะ กัด กั้น และ แก้ ไข อัด ตา เงิน เฟี้
wavs/438_trim.wav,กาน อ่อน ค่า ของ เงิน กีบ กาน ผัน ผวน ของ อัด ตา แลก เปี่ยน กาน เพี่ม สูง ขึ้น ของ ลา คา สิน ค้า และ ค่า คอง ซีบ คือ แนว ใด
wavs/439_trim.wav,เกี่ยว กับ เลื่อง นี้ ท่าน นา ยก ลัด ถะ มน ตี ญืน ญัน ว่า นี้ เป็น บัน หา ที่ เค่ง ฮ้อน และ ฮีบ ด่วน ที่ สุด ที่ ทั่ว ละ บบ กาน เมือง ของ พวก เฮา ได้ พ้อม กัน สุม ใส่ แก้ ไข
wavs/440_trim.wav,และ กอ เสนอ ให้ ทั่ว สัง คม ซ่วย สะ หนับ สะ หนูน และ ให้ กาน ฮ่วม มือ ใน กาน ปะ ติ บัด
wavs/441_trim.wav,ซึ่ง ลัด ถะ บาน ได้ วาง มาด ตะ กาน แก้ ไข ออก เป็น สาม ไล ยะ คือ มาด ตะ กาน สะ เพาะ หน้า มาด ตะ กาน แก้ ไข ไล ยะ กาง และ ไล ยะ ยาว
wavs/442_trim.wav,สำ ลับ มาด ตะ กาน สะ เพาะ หน้า นั้น แม่น เล่ง ค้น คว้า แก้ ไข บัน หา โคง ส้าง ดุน กาน ซำ ละ ละ หว่าง ปะ เทด ที่ ขาด ดุน ให้ มี ความ สม ดุน เทื่อ ละ ก้าว
wavs/443_trim.wav,ไป ควบ คู่ กับ กาน ปะ ติ บัด มาด ตะ กาน สะ เพาะ หน้า เพื่อ ควบ คุม ความ กด ดัน ของ อัด ตา แลก เปี่ยน
wavs/444_trim.wav,สืบ ต่อ หัน กาน แลก เปี่ยน เงิน ตา เข้า สู่ ละ บบ ทะ นา คาน และ ให้ มี หน่วย บอ ลิ กาน เพียง พอ ฮับ ใช้ สัง คม
wavs/445_trim.wav,เซ่น หน่วย บอ ลิ กาน แลก เปี่ยน กาน แลก เปี่ยน เอ เล็ก โตร นิก ปับ ปุง ตะ หลาด เงิน ตา ต่าง ปะ เทด ละ หว่าง ทะ นา คาน ทุ ละ กิด ด้วย กัน
wavs/446_trim.wav,คุ้ม คอง บัน ดา บอ ลิ สัด นำ เข้า ส่ง ออก แจ้ง ลง ทะ เบียน และ ซำ ละ สะ สาง กาน นำ เข้า และ ส่ง ออก สิน ค้า
wavs/447_trim.wav,ผ่าน บัน ซี ทะ นา คาน ทุ ละ กิด ที่ ตั้ง อยู่ ส ป ป ลาว โดย กำ นด เข้า เป็น เงื่อน ไข ที่ ขาด บ่อ ได้ สำ ลับ กาน ส่ง ออก นำ เข้า สิน ค้า ต่อ ไป
wavs/448_trim.wav,เพื่อ สู้ ซน ให้ มี เงิน ตา เข้า มา ผ่าน ละ บบ ทะ นา คาน เพี่ม ขึ้น หลาย กว่า ห้า สิบ เปอ เซ็น ขึ้น ไป
wavs/449_trim.wav,สืบ ต่อ ติด ตาม บัน ดา เป้า หมาย ที่ ปั่น ป่วน และ เกง กำ ไล จาก กาน แลก เปี่ยน เงิน ตา ด้วย ฮูบ แบบ ต่างๆ อย่าง ใก้ล ซิด
wavs/450_trim.wav,ถ้า พบ เห็น แม่น ดำ เนีน มาด ตะ กาน ตาม กด หมาย และ ฮีบ ฮ้อน เล่ง ทวง บัน ดา บอ ลิ สัด ที่ มี หนี้ สิน กับ ลัด ถะ บาน
